Chi nhánh,Mã nh?p hàng,Th?i gian,Th?i gian t?o,Ngày c?p nh?t,Mã nhà cung c?p,Tên nhà cung c?p,Ði?n tho?i,Ð?a ch?,Ngu?i nh?p,Ngu?i t?o,T?ng ti?n hàng,Gi?m giá phi?u nh?p,C?n tr? NCC,Ti?n dã tr? NCC,Ghi chú,T?ng s? lu?ng,T?ng s? m?t hàng,Tr?ng thái,Mã hàng,Mã v?ch,Tên hàng,Thuong hi?u,ÐVT,Ghi chú hàng hóa,Ðon giá,Gi?m giá %,Gi?m giá,Giá nh?p,Thành ti?n,S? lu?ng
Chi nhánh trung tâm,TT240625,24/06/2025 00:00:00,26/06/2025 16:41:09,,T,Thanh Thanh,1,,Th? Oanh,Th? Oanh,"10,650,000",0,"10,650,000","10,200,000",,74,13,Ðã nh?p hàng,SP001153,,"Dây s? chính 2,6m 1 ?c 1 tai 8*8 (T) ",,Cái,,"67,000.00",0,0,"67,000.00","402,000",6
Chi nhánh trung tâm,TT240625,24/06/2025 00:00:00,26/06/2025 16:41:09,,T,Thanh Thanh,1,,Th? Oanh,Th? Oanh,"10,650,000",0,"10,650,000","10,200,000",,74,13,Ðã nh?p hàng,SP001073,,"Dây s? chính 2,5m 2 d?u ?c ch?nh 8/8 (T) ",,Cái,,"65,000.00",0,0,"65,000.00","390,000",6
Chi nhánh trung tâm,TT240625,24/06/2025 00:00:00,26/06/2025 16:41:09,,T,Thanh Thanh,1,,Th? Oanh,Th? Oanh,"10,650,000",0,"10,650,000","10,200,000",,74,13,Ðã nh?p hàng,SP001691,,Tr?c ?c phi dê 30*165 Samtin (T),,,,"199,000.00",0,0,"199,000.00","796,000",4
Chi nhánh trung tâm,TT240625,24/06/2025 00:00:00,26/06/2025 16:41:09,,T,Thanh Thanh,1,,Th? Oanh,Th? Oanh,"10,650,000",0,"10,650,000","10,200,000",,74,13,Ðã nh?p hàng,HH03636,,Piston bom phi 75/2/2 (T) ,,Chua xác d?nh,,"69,000.00",0,0,"69,000.00","345,000",5
Chi nhánh trung tâm,TT240625,24/06/2025 00:00:00,26/06/2025 16:41:09,,T,Thanh Thanh,1,,Th? Oanh,Th? Oanh,"10,650,000",0,"10,650,000","10,200,000",,74,13,Ðã nh?p hàng,HH05241,,Xi lanh bom hoi 75 r?ng (T) ,,Chua xác d?nh,,"159,000.00",0,0,"159,000.00","318,000",2
Chi nhánh trung tâm,TT240625,24/06/2025 00:00:00,26/06/2025 16:41:09,,T,Thanh Thanh,1,,Th? Oanh,Th? Oanh,"10,650,000",0,"10,650,000","10,200,000",,74,13,Ðã nh?p hàng,SP001692,,C?m bi treo DF 65 EQ153 tâm l? 29 Samtin (T),,,,"398,000.00",0,0,"398,000.00","1,194,000",3
Chi nhánh trung tâm,TT240625,24/06/2025 00:00:00,26/06/2025 16:41:09,,T,Thanh Thanh,1,,Th? Oanh,Th? Oanh,"10,650,000",0,"10,650,000","10,200,000",,74,13,Ðã nh?p hàng,HH01747,,Cút nu?c 4100QB ch? L RIN (T) ,,Chua xác d?nh,,"46,000.00",0,0,"46,000.00","460,000",10
Chi nhánh trung tâm,TT240625,24/06/2025 00:00:00,26/06/2025 16:41:09,,T,Thanh Thanh,1,,Th? Oanh,Th? Oanh,"10,650,000",0,"10,650,000","10,200,000",,74,13,Ðã nh?p hàng,SP000604,,L?c DX150 Xinwei màu tr?ng (T) ,,Cái,,"27,000.00",0,0,"27,000.00","135,000",5
Chi nhánh trung tâm,TT240625,24/06/2025 00:00:00,26/06/2025 16:41:09,,T,Thanh Thanh,1,,Th? Oanh,Th? Oanh,"10,650,000",0,"10,650,000","10,200,000",,74,13,Ðã nh?p hàng,SP000537,,L?c CX 0710B Xinwei (T) ,,Cái,,"39,000.00",0,0,"39,000.00","390,000",10
Chi nhánh trung tâm,TT240625,24/06/2025 00:00:00,26/06/2025 16:41:09,,T,Thanh Thanh,1,,Th? Oanh,Th? Oanh,"10,650,000",0,"10,650,000","10,200,000",,74,13,Ðã nh?p hàng,SP001307,,Tr?c co 490 QB bi 203 g? Qingqing Star (T) ,,Cái,,"1,585,000.00",0,0,"1,585,000.00","1,585,000",1
Chi nhánh trung tâm,TT240625,24/06/2025 00:00:00,26/06/2025 16:41:09,,T,Thanh Thanh,1,,Th? Oanh,Th? Oanh,"10,650,000",0,"10,650,000","10,200,000",,74,13,Ðã nh?p hàng,HH02423,,Hoi u?c WX489BWZL GUANHENG (T) ,GUANHENG,Chua xác d?nh,,"2,085,000.00",0,0,"2,085,000.00","2,085,000",1
Chi nhánh trung tâm,TT240625,24/06/2025 00:00:00,26/06/2025 16:41:09,,T,Thanh Thanh,1,,Th? Oanh,Th? Oanh,"10,650,000",0,"10,650,000","10,200,000",,74,13,Ðã nh?p hàng,SP001693,,Hoi u?c 490QBZL-A GUANHENG (T),,,,"2,350,000.00",0,0,"2,350,000.00","2,350,000",1
Chi nhánh trung tâm,TT240625,24/06/2025 00:00:00,26/06/2025 16:41:09,,T,Thanh Thanh,1,,Th? Oanh,Th? Oanh,"10,650,000",0,"10,650,000","10,200,000",,74,13,Ðã nh?p hàng,SP001072,,?c v?n qu? d?a EQ 140 f26 xám/vàng/den (T) ,,Cái,,"10,000.00",0,0,"10,000.00","200,000",20
Chi nhánh trung tâm,TH230625,23/06/2025 00:00:00,26/06/2025 16:00:03,26/06/2025 16:10:57,TH,Trung Huy,4,,Th? Oanh,Th? Oanh,"9,110,000",0,"9,110,000","10,200,000",,63,10,Ðã nh?p hàng,SP001690,,Roang b? 490QB com lê (H),,,,"135,000.00",0,0,"135,000.00","675,000",5
Chi nhánh trung tâm,TH230625,23/06/2025 00:00:00,26/06/2025 16:00:03,26/06/2025 16:10:57,TH,Trung Huy,4,,Th? Oanh,Th? Oanh,"9,110,000",0,"9,110,000","10,200,000",,63,10,Ðã nh?p hàng,SP001689,,Gi?m xóc BJ130/ 2 d?u khoen (H),,,,"115,000.00",0,0,"115,000.00","460,000",4
Chi nhánh trung tâm,TH230625,23/06/2025 00:00:00,26/06/2025 16:00:03,26/06/2025 16:10:57,TH,Trung Huy,4,,Th? Oanh,Th? Oanh,"9,110,000",0,"9,110,000","10,200,000",,63,10,Ðã nh?p hàng,SP001688,,"Roang bom hoi, x?t mang, lá thép 75 (H)",,,,"88,000.00",0,0,"88,000.00","440,000",5
Chi nhánh trung tâm,TH230625,23/06/2025 00:00:00,26/06/2025 16:00:03,26/06/2025 16:10:57,TH,Trung Huy,4,,Th? Oanh,Th? Oanh,"9,110,000",0,"9,110,000","10,200,000",,63,10,Ðã nh?p hàng,HH00152,,B?c nhíp s?t 30*35*74 (H) ,,Cái,,"14,000.00",0,0,"14,000.00","280,000",20
Chi nhánh trung tâm,TH230625,23/06/2025 00:00:00,26/06/2025 16:00:03,26/06/2025 16:10:57,TH,Trung Huy,4,,Th? Oanh,Th? Oanh,"9,110,000",0,"9,110,000","10,200,000",,63,10,Ðã nh?p hàng,SP001687,,Vành ch?u 6*38 EQ1060 Hydun (H),HYDUN,,,"1,050,000.00",0,0,"1,050,000.00","2,100,000",2
Chi nhánh trung tâm,TH230625,23/06/2025 00:00:00,26/06/2025 16:00:03,26/06/2025 16:10:57,TH,Trung Huy,4,,Th? Oanh,Th? Oanh,"9,110,000",0,"9,110,000","10,200,000",,63,10,Ðã nh?p hàng,HH00200,,B?c ?ng 490QB (H) ,,B?,,"90,000.00",0,0,"90,000.00","450,000",5
Chi nhánh trung tâm,TH230625,23/06/2025 00:00:00,26/06/2025 16:00:03,26/06/2025 16:10:57,TH,Trung Huy,4,,Th? Oanh,Th? Oanh,"9,110,000",0,"9,110,000","10,200,000",,63,10,Ðã nh?p hàng,SP000089,,Lá côn Yuchai 255 10R rin (H),YUCHAI,,,"320,000.00",0,0,"320,000.00","1,600,000",5
Chi nhánh trung tâm,TH230625,23/06/2025 00:00:00,26/06/2025 16:00:03,26/06/2025 16:10:57,TH,Trung Huy,4,,Th? Oanh,Th? Oanh,"9,110,000",0,"9,110,000","10,200,000",,63,10,Ðã nh?p hàng,HH01722,,C?m rô tuyn không ch?nh EQ1061 (H) ,,B?,,"93,000.00",0,0,"93,000.00","930,000",10
Chi nhánh trung tâm,TH230625,23/06/2025 00:00:00,26/06/2025 16:00:03,26/06/2025 16:10:57,TH,Trung Huy,4,,Th? Oanh,Th? Oanh,"9,110,000",0,"9,110,000","10,200,000",,63,10,Ðã nh?p hàng,HH02228,,Guong chi?u h?u SL748 ?c gi?a (H) ,,Cái,,"79,000.00",0,0,"79,000.00","395,000",5
Chi nhánh trung tâm,TH230625,23/06/2025 00:00:00,26/06/2025 16:00:03,26/06/2025 16:10:57,TH,Trung Huy,4,,Th? Oanh,Th? Oanh,"9,110,000",0,"9,110,000","10,200,000",,63,10,Ðã nh?p hàng,SP001215,,Bom lái 4102 có buly Quanxing (H) ,,Cái,,"890,000.00",0,0,"890,000.00","1,780,000",2
Chi nhánh trung tâm,MP210625,21/06/2025 00:00:00,23/06/2025 14:59:20,,MP,Minh Phú,3,,Th? Oanh,Th? Oanh,"15,847,500",0,"15,847,500","15,300,000",,27,6,Ðã nh?p hàng,SP001685,,Bom tay 485/490/495 rin (MP) ,,Cái,,"122,000.00",0,0,"122,000.00","610,000",5
Chi nhánh trung tâm,MP210625,21/06/2025 00:00:00,23/06/2025 14:59:20,,MP,Minh Phú,3,,Th? Oanh,Th? Oanh,"15,847,500",0,"15,847,500","15,300,000",,27,6,Ðã nh?p hàng,SP001686,,X?t mang bom hoi phi 75/2/2 (MP) ,,B?,,"37,500.00",0,0,"37,500.00","562,500",15
Chi nhánh trung tâm,MP210625,21/06/2025 00:00:00,23/06/2025 14:59:20,,MP,Minh Phú,3,,Th? Oanh,Th? Oanh,"15,847,500",0,"15,847,500","15,300,000",,27,6,Ðã nh?p hàng,HH02410,,Hoi u?c N485/ QC485 ZYNP (MP) ,ZYNP,B?,,"1,230,000.00",0,0,"1,230,000.00","1,230,000",1
Chi nhánh trung tâm,MP210625,21/06/2025 00:00:00,23/06/2025 14:59:20,,MP,Minh Phú,3,,Th? Oanh,Th? Oanh,"15,847,500",0,"15,847,500","15,300,000",,27,6,Ðã nh?p hàng,HH02353,,Hoi u?c 4102QBZ ZYNP (MP) ,ZYNP,Chua xác d?nh,,"2,110,000.00",0,0,"2,110,000.00","2,110,000",1
Chi nhánh trung tâm,MP210625,21/06/2025 00:00:00,23/06/2025 14:59:20,,MP,Minh Phú,3,,Th? Oanh,Th? Oanh,"15,847,500",0,"15,847,500","15,300,000",,27,6,Ðã nh?p hàng,HH02384,,Hoi u?c 490QB (thùng g?) ZYNP (MP) ,ZYNP,B?,,"1,490,000.00",0,0,"1,490,000.00","2,980,000",2
Chi nhánh trung tâm,MP210625,21/06/2025 00:00:00,23/06/2025 14:59:20,,MP,Minh Phú,3,,Th? Oanh,Th? Oanh,"15,847,500",0,"15,847,500","15,300,000",,27,6,Ðã nh?p hàng,SP000355,,B? hoi YC4108ZQ-D0200 phi 40 ZYNP (MP) ,ZYNP,B?,,"2,785,000.00",0,0,"2,785,000.00","8,355,000",3
Chi nhánh trung tâm,VT210625,21/06/2025 00:00:00,23/06/2025 15:53:24,,VT,Vi?t Ti?n,2,,Th? Oanh,Th? Oanh,"4,675,000",0,"4,675,000","80,000",,12,5,Ðã nh?p hàng,SP000458,,Ph?t 65*90*12 (không lò xo) (JINGYTE) (V) ,JINGYTE,Cái,,"40,000.00",0,0,"40,000.00","200,000",5
Chi nhánh trung tâm,VT210625,21/06/2025 00:00:00,23/06/2025 15:53:24,,VT,Vi?t Ti?n,2,,Th? Oanh,Th? Oanh,"4,675,000",0,"4,675,000","80,000",,12,5,Ðã nh?p hàng,SP000463,,C?m cao su quang treo EQ140 bi phi 50/35cm SAMTIN rin (V) ,SAMTIN,B?,,"275,000.00",0,0,"275,000.00","825,000",3
Chi nhánh trung tâm,VT210625,21/06/2025 00:00:00,23/06/2025 15:53:24,,VT,Vi?t Ti?n,2,,Th? Oanh,Th? Oanh,"4,675,000",0,"4,675,000","80,000",,12,5,Ðã nh?p hàng,HH01291,,Bom tr? l?c lái YuChai 24R*4108 (D08WD-3407100) (l? to) (V) ,YUCHAI,Cái,,"1,250,000.00",0,0,"1,250,000.00","2,500,000",2
Chi nhánh trung tâm,VT210625,21/06/2025 00:00:00,23/06/2025 15:53:24,,VT,Vi?t Ti?n,2,,Th? Oanh,Th? Oanh,"4,675,000",0,"4,675,000","80,000",,12,5,Ðã nh?p hàng,SP000196,,Bánh rang trung gian Howo 18R/22R EQ153 (2502Z33-051) liusheng alb (V) ,,Cái,,"620,000.00",0,0,"620,000.00","620,000",1
Chi nhánh trung tâm,VT210625,21/06/2025 00:00:00,23/06/2025 15:53:24,,VT,Vi?t Ti?n,2,,Th? Oanh,Th? Oanh,"4,675,000",0,"4,675,000","80,000",,12,5,Ðã nh?p hàng,SP000195,,Bánh rang trung gian Howo 23R EQ153 liusheng alb 25002Z33-506 (1806) (V) ,,Cái,,"530,000.00",0,0,"530,000.00","530,000",1
Chi nhánh trung tâm,VT190625,19/06/2025 00:00:00,22/06/2025 16:05:46,,VT,Vi?t Ti?n,2,,Th? Oanh,Th? Oanh,"11,285,000",0,"11,285,000","15,250,000",,103,11,Ðã nh?p hàng,SP000215,,C?c d?n c?u 88*53*110 OUSIA (V) ,OUSIA,Cái,,"160,000.00",0,0,"160,000.00","1,920,000",12
Chi nhánh trung tâm,VT190625,19/06/2025 00:00:00,22/06/2025 16:05:46,,VT,Vi?t Ti?n,2,,Th? Oanh,Th? Oanh,"11,285,000",0,"11,285,000","15,250,000",,103,11,Ðã nh?p hàng,SP001106,,Ðinh + ?c t?c kê Howo phi 22* 12cm (vàng có mu ) (V) ,,Cái,,"39,000.00",0,0,"39,000.00","1,560,000",40
Chi nhánh trung tâm,VT190625,19/06/2025 00:00:00,22/06/2025 16:05:46,,VT,Vi?t Ti?n,2,,Th? Oanh,Th? Oanh,"11,285,000",0,"11,285,000","15,250,000",,103,11,Ðã nh?p hàng,SP001684,,Bi tê li?n c?m 68CT4852F2 Samtin (V) ,,Cái,,"260,000.00",0,0,"260,000.00","780,000",3
Chi nhánh trung tâm,VT190625,19/06/2025 00:00:00,22/06/2025 16:05:46,,VT,Vi?t Ti?n,2,,Th? Oanh,Th? Oanh,"11,285,000",0,"11,285,000","15,250,000",,103,11,Ðã nh?p hàng,HH04720,,Tu bô 4108 YUCHAI rin (V) ,YUCHAI,Cái,,"3,300,000.00",0,0,"3,300,000.00","3,300,000",1
Chi nhánh trung tâm,VT190625,19/06/2025 00:00:00,22/06/2025 16:05:46,,VT,Vi?t Ti?n,2,,Th? Oanh,Th? Oanh,"11,285,000",0,"11,285,000","15,250,000",,103,11,Ðã nh?p hàng,SP001402,,M?t bích con sâu công to mét EQ145 (V) ,,Cái,,"90,000.00",0,0,"90,000.00","270,000",3
Chi nhánh trung tâm,VT190625,19/06/2025 00:00:00,22/06/2025 16:05:46,,VT,Vi?t Ti?n,2,,Th? Oanh,Th? Oanh,"11,285,000",0,"11,285,000","15,250,000",,103,11,Ðã nh?p hàng,HH02979,,Mai o sau 100*120 BJ1052 8 l? láp 6 l? (V) ,,Cái,,"250,000.00",0,0,"250,000.00","750,000",3
Chi nhánh trung tâm,VT190625,19/06/2025 00:00:00,22/06/2025 16:05:46,,VT,Vi?t Ti?n,2,,Th? Oanh,Th? Oanh,"11,285,000",0,"11,285,000","15,250,000",,103,11,Ðã nh?p hàng,HH03804,,Roang dàn cò 4108 (V) ,,Chua xác d?nh,,"35,000.00",0,0,"35,000.00","175,000",5
Chi nhánh trung tâm,VT190625,19/06/2025 00:00:00,22/06/2025 16:05:46,,VT,Vi?t Ti?n,2,,Th? Oanh,Th? Oanh,"11,285,000",0,"11,285,000","15,250,000",,103,11,Ðã nh?p hàng,HH04218,,Th?t c?t dang 16R phi 39 cài phe (V) ,,Chua xác d?nh,,"185,000.00",0,0,"185,000.00","740,000",4
Chi nhánh trung tâm,VT190625,19/06/2025 00:00:00,22/06/2025 16:05:46,,VT,Vi?t Ti?n,2,,Th? Oanh,Th? Oanh,"11,285,000",0,"11,285,000","15,250,000",,103,11,Ðã nh?p hàng,HH02829,,Long d?n canh vi sai EQ145 s?t d?y 2 ly (V) ,,Chua xác d?nh,,"20,000.00",0,0,"20,000.00","220,000",11
Chi nhánh trung tâm,VT190625,19/06/2025 00:00:00,22/06/2025 16:05:46,,VT,Vi?t Ti?n,2,,Th? Oanh,Th? Oanh,"11,285,000",0,"11,285,000","15,250,000",,103,11,Ðã nh?p hàng,SP001003,,Ph?t 130*150*10(12) ph?t s?t Jingyte (V) ,,Cái,,"16,000.00",0,0,"16,000.00","320,000",20
Chi nhánh trung tâm,VT190625,19/06/2025 00:00:00,22/06/2025 16:05:46,,VT,Vi?t Ti?n,2,,Th? Oanh,Th? Oanh,"11,285,000",0,"11,285,000","15,250,000",,103,11,Ðã nh?p hàng,HH00288,,Bàn ép m?t tr?i tiu liu 325 CA142 (V) ,,Cái,,"1,250,000.00",0,0,"1,250,000.00","1,250,000",1
Chi nhánh trung tâm,LH180625,18/06/2025 00:00:00,21/06/2025 08:51:18,,LH,Liên Hi?p,7,,Th? Oanh,Th? Oanh,"33,660,000",0,"33,660,000",0,,7,4,Ðã nh?p hàng,SP001683,,Hoi L375 hãng DCEC (LH) ,,B?,,"12,200,000.00",0,0,"12,200,000.00","12,200,000",1
Chi nhánh trung tâm,LH180625,18/06/2025 00:00:00,21/06/2025 08:51:18,,LH,Liên Hi?p,7,,Th? Oanh,Th? Oanh,"33,660,000",0,"33,660,000",0,,7,4,Ðã nh?p hàng,SP001485,,M?t quy lát DF/L375 com le (LH),,,,"12,500,000.00",0,0,"12,500,000.00","12,500,000",1
Chi nhánh trung tâm,LH180625,18/06/2025 00:00:00,21/06/2025 08:51:18,,LH,Liên Hi?p,7,,Th? Oanh,Th? Oanh,"33,660,000",0,"33,660,000",0,,7,4,Ðã nh?p hàng,SP001111,,Roang nu?c L375 (LH) ,,B?,,"120,000.00",0,0,"120,000.00","360,000",3
Chi nhánh trung tâm,LH180625,18/06/2025 00:00:00,21/06/2025 08:51:18,,LH,Liên Hi?p,7,,Th? Oanh,Th? Oanh,"33,660,000",0,"33,660,000",0,,7,4,Ðã nh?p hàng,SP001109,,Xi lanh L375 (B? 6 ?ng) (LH) ,,B?,,"4,300,000.00",0,0,"4,300,000.00","8,600,000",2
Chi nhánh trung tâm,VT180625,18/06/2025 00:00:00,19/06/2025 20:37:13,,VT,Vi?t Ti?n,2,,Th? Oanh,Th? Oanh,"13,210,000",0,"13,210,000","10,150,000",,9,6,Ðã nh?p hàng,SP000843,,Bàn ép hi?u XL phi 325 m?t tr?i EQ140 (C476 - XL0547DY) Tieliu rin (V) ,,Cái,,"980,000.00",0,0,"980,000.00","980,000",1
Chi nhánh trung tâm,VT180625,18/06/2025 00:00:00,19/06/2025 20:37:13,,VT,Vi?t Ti?n,2,,Th? Oanh,Th? Oanh,"13,210,000",0,"13,210,000","10,150,000",,9,6,Ðã nh?p hàng,HH01291,,Bom tr? l?c lái YuChai 24R*4108 (D08WD-3407100) (l? to) (V) ,YUCHAI,Cái,,"1,250,000.00",0,0,"1,250,000.00","1,250,000",1
Chi nhánh trung tâm,VT180625,18/06/2025 00:00:00,19/06/2025 20:37:13,,VT,Vi?t Ti?n,2,,Th? Oanh,Th? Oanh,"13,210,000",0,"13,210,000","10,150,000",,9,6,Ðã nh?p hàng,HH00323,,Bàn ép m?t tr?i YuChai 430 l?m (V) ,YUCHAI,Cái,,"2,800,000.00",0,0,"2,800,000.00","2,800,000",1
Chi nhánh trung tâm,VT180625,18/06/2025 00:00:00,19/06/2025 20:37:13,,VT,Vi?t Ti?n,2,,Th? Oanh,Th? Oanh,"13,210,000",0,"13,210,000","10,150,000",,9,6,Ðã nh?p hàng,HH04720,,Tu bô 4108 YUCHAI rin (V) ,YUCHAI,Cái,,"3,300,000.00",0,0,"3,300,000.00","3,300,000",1
Chi nhánh trung tâm,VT180625,18/06/2025 00:00:00,19/06/2025 20:37:13,,VT,Vi?t Ti?n,2,,Th? Oanh,Th? Oanh,"13,210,000",0,"13,210,000","10,150,000",,9,6,Ðã nh?p hàng,HH01484,,Chia hoi 4 n? nh?n 153 (35230040010) (V) ,,Cái,,"195,000.00",0,0,"195,000.00","780,000",4
Chi nhánh trung tâm,VT180625,18/06/2025 00:00:00,19/06/2025 20:37:13,,VT,Vi?t Ti?n,2,,Th? Oanh,Th? Oanh,"13,210,000",0,"13,210,000","10,150,000",,9,6,Ðã nh?p hàng,SP001679,,H?p s? chính CA5-25 (K50) c?a ben trái thgi?y rin AL (V) ,,Cái,,"4,100,000.00",0,0,"4,100,000.00","4,100,000",1
Chi nhánh trung tâm,TT180625,18/06/2025 00:00:00,20/06/2025 17:29:22,,T,Thanh Thanh,1,,Th? Oanh,Th? Oanh,"11,270,000",0,"11,270,000","10,200,000",,103,14,Ðã nh?p hàng,HH01866,,Dây s? chính 2m 2 d?u ?c 8 (T) ,,Cái,,"63,000.00",0,0,"63,000.00","378,000",6
Chi nhánh trung tâm,TT180625,18/06/2025 00:00:00,20/06/2025 17:29:22,,T,Thanh Thanh,1,,Th? Oanh,Th? Oanh,"11,270,000",0,"11,270,000","10,200,000",,103,14,Ðã nh?p hàng,SP001680,,"Dây s? chính 2,7m 1 ?c 1 tai phi 8*8 (T) ",,Cái,,"68,000.00",0,0,"68,000.00","408,000",6
Chi nhánh trung tâm,TT180625,18/06/2025 00:00:00,20/06/2025 17:29:22,,T,Thanh Thanh,1,,Th? Oanh,Th? Oanh,"11,270,000",0,"11,270,000","10,200,000",,103,14,Ðã nh?p hàng,HH00436,,Bánh rang s? ph? 24R*21 chu?t EQ240 (T) ,,Cái,,"378,000.00",0,0,"378,000.00","756,000",2
Chi nhánh trung tâm,TT180625,18/06/2025 00:00:00,20/06/2025 17:29:22,,T,Thanh Thanh,1,,Th? Oanh,Th? Oanh,"11,270,000",0,"11,270,000","10,200,000",,103,14,Ðã nh?p hàng,HH03231,,?c qu? d?a + n?n c?u EQ1094/153 (T) ,,Chua xác d?nh,,"19,000.00",0,0,"19,000.00","380,000",20
Chi nhánh trung tâm,TT180625,18/06/2025 00:00:00,20/06/2025 17:29:22,,T,Thanh Thanh,1,,Th? Oanh,Th? Oanh,"11,270,000",0,"11,270,000","10,200,000",,103,14,Ðã nh?p hàng,SP000703,,B?c ?c nhíp s?t phi 25*31*74 (T) ,,Cái,,"9,500.00",0,0,"9,500.00","380,000",40
Chi nhánh trung tâm,TT180625,18/06/2025 00:00:00,20/06/2025 17:29:22,,T,Thanh Thanh,1,,Th? Oanh,Th? Oanh,"11,270,000",0,"11,270,000","10,200,000",,103,14,Ðã nh?p hàng,SP001681,,Xéc mang CY4100BQ GuanHeng Rin (T) ,,B?,,"195,000.00",0,0,"195,000.00","585,000",3
Chi nhánh trung tâm,TT180625,18/06/2025 00:00:00,20/06/2025 17:29:22,,T,Thanh Thanh,1,,Th? Oanh,Th? Oanh,"11,270,000",0,"11,270,000","10,200,000",,103,14,Ðã nh?p hàng,SP000533,,Bi ch? th?p phi 39*118 EQ 140 chén dài CZECH(Séc) Rin (T) ,,Cái,,"83,000.00",0,0,"83,000.00","830,000",10
Chi nhánh trung tâm,TT180625,18/06/2025 00:00:00,20/06/2025 17:29:22,,T,Thanh Thanh,1,,Th? Oanh,Th? Oanh,"11,270,000",0,"11,270,000","10,200,000",,103,14,Ðã nh?p hàng,SP000607,,T?ng phanh d?u 6700 phi 12 Hangda/JD (T) ,,Cái,,"259,000.00",0,0,"259,000.00","518,000",2
Chi nhánh trung tâm,TT180625,18/06/2025 00:00:00,20/06/2025 17:29:22,,T,Thanh Thanh,1,,Th? Oanh,Th? Oanh,"11,270,000",0,"11,270,000","10,200,000",,103,14,Ðã nh?p hàng,SP001170,,Bàn ép m?t tr?i 430/CA6110 (cao 12 l?) ((XL0317Y)) (TIULIU) (T) ,TIULIU,Cái,,"2,965,000.00",0,0,"2,965,000.00","2,965,000",1
Chi nhánh trung tâm,TT180625,18/06/2025 00:00:00,20/06/2025 17:29:22,,T,Thanh Thanh,1,,Th? Oanh,Th? Oanh,"11,270,000",0,"11,270,000","10,200,000",,103,14,Ðã nh?p hàng,SP001307,,Tr?c co 490 QB bi 203 g? Qingqing Star (T) ,,Cái,,"1,585,000.00",0,0,"1,585,000.00","1,585,000",1
Chi nhánh trung tâm,TT180625,18/06/2025 00:00:00,20/06/2025 17:29:22,,T,Thanh Thanh,1,,Th? Oanh,Th? Oanh,"11,270,000",0,"11,270,000","10,200,000",,103,14,Ðã nh?p hàng,SP001682,,Mai o sau 140/ Chi?n Th?ng 10 l? l?ch Guanheng (T) ,,Cái,,"685,000.00",0,0,"685,000.00","1,370,000",2
Chi nhánh trung tâm,TT180625,18/06/2025 00:00:00,20/06/2025 17:29:22,,T,Thanh Thanh,1,,Th? Oanh,Th? Oanh,"11,270,000",0,"11,270,000","10,200,000",,103,14,Ðã nh?p hàng,SP001403,,Bi 28584/21 Koyo (T) ,,Cái,,"98,000.00",0,0,"98,000.00","490,000",5
Chi nhánh trung tâm,TT180625,18/06/2025 00:00:00,20/06/2025 17:29:22,,T,Thanh Thanh,1,,Th? Oanh,Th? Oanh,"11,270,000",0,"11,270,000","10,200,000",,103,14,Ðã nh?p hàng,HH04693,,Tr?c trung gian 4102QB (T) ,,Chua xác d?nh,,"89,000.00",0,0,"89,000.00","267,000",3
Chi nhánh trung tâm,TT180625,18/06/2025 00:00:00,20/06/2025 17:29:22,,T,Thanh Thanh,1,,Th? Oanh,Th? Oanh,"11,270,000",0,"11,270,000","10,200,000",,103,14,Ðã nh?p hàng,HH01534,,Cóc th?ng 10R cong 457 (T) ,,Cái,,"179,000.00",0,0,"179,000.00","358,000",2
Chi nhánh trung tâm,VM170625,17/06/2025 00:00:00,19/06/2025 16:52:48,,VM,Van Minh,12,,Th? Oanh,Th? Oanh,"15,664,000",0,"15,664,000","10,250,000",,62,15,Ðã nh?p hàng,SP001672,,Tr?c co YZ4105QF Hydun (M) ,,Cái,,"1,750,000.00",0,0,"1,750,000.00","1,750,000",1
Chi nhánh trung tâm,VM170625,17/06/2025 00:00:00,19/06/2025 16:52:48,,VM,Van Minh,12,,Th? Oanh,Th? Oanh,"15,664,000",0,"15,664,000","10,250,000",,62,15,Ðã nh?p hàng,SP001673,,Bom nu?c YC4110ZQ 4 rãnh T.gi?y Hydun (M) ,,Cái,,"750,000.00",0,0,"750,000.00","750,000",1
Chi nhánh trung tâm,VM170625,17/06/2025 00:00:00,19/06/2025 16:52:48,,VM,Van Minh,12,,Th? Oanh,Th? Oanh,"15,664,000",0,"15,664,000","10,250,000",,62,15,Ðã nh?p hàng,HH01974,,Ð?u d?c c?t dang EQ140/ 16R (M) ,,Cái,,"130,000.00",0,0,"130,000.00","650,000",5
Chi nhánh trung tâm,VM170625,17/06/2025 00:00:00,19/06/2025 16:52:48,,VM,Van Minh,12,,Th? Oanh,Th? Oanh,"15,664,000",0,"15,664,000","10,250,000",,62,15,Ðã nh?p hàng,HH00963,,B? d?ng t?c s? chính 4/5/9 chân EQ140 (M) ,,B?,,"305,000.00",0,0,"305,000.00","610,000",2
Chi nhánh trung tâm,VM170625,17/06/2025 00:00:00,19/06/2025 16:52:48,,VM,Van Minh,12,,Th? Oanh,Th? Oanh,"15,664,000",0,"15,664,000","10,250,000",,62,15,Ðã nh?p hàng,HH00956,,B? d?ng t?c s? chính 2/3 EQ140 (M) ,,B?,,"375,000.00",0,0,"375,000.00","750,000",2
Chi nhánh trung tâm,VM170625,17/06/2025 00:00:00,19/06/2025 16:52:48,,VM,Van Minh,12,,Th? Oanh,Th? Oanh,"15,664,000",0,"15,664,000","10,250,000",,62,15,Ðã nh?p hàng,HH02888,,"Má phanh c? xuong BJ1059 7,5 phân có m? cò tiuliu (M) ",,Cái,,"69,000.00",0,0,"69,000.00","1,104,000",16
Chi nhánh trung tâm,VM170625,17/06/2025 00:00:00,19/06/2025 16:52:48,,VM,Van Minh,12,,Th? Oanh,Th? Oanh,"15,664,000",0,"15,664,000","10,250,000",,62,15,Ðã nh?p hàng,SP001674,,"Má phanh c? xuong sau BJ130 b?n 6,5 rin tiuliu (M) ",,Cái,,"60,000.00",0,0,"60,000.00","480,000",8
Chi nhánh trung tâm,VM170625,17/06/2025 00:00:00,19/06/2025 16:52:48,,VM,Van Minh,12,,Th? Oanh,Th? Oanh,"15,664,000",0,"15,664,000","10,250,000",,62,15,Ðã nh?p hàng,HH01349,,Canh d?c tr?c co YC4110ZQ- 530 Yu chai (M) ,,Cái,,"225,000.00",0,0,"225,000.00","450,000",2
Chi nhánh trung tâm,VM170625,17/06/2025 00:00:00,19/06/2025 16:52:48,,VM,Van Minh,12,,Th? Oanh,Th? Oanh,"15,664,000",0,"15,664,000","10,250,000",,62,15,Ðã nh?p hàng,SP001675,,Bom tr? l?c lái DF375 11R l? To Quanxing (M) ,,Cái,,"980,000.00",0,0,"980,000.00","980,000",1
Chi nhánh trung tâm,VM170625,17/06/2025 00:00:00,19/06/2025 16:52:48,,VM,Van Minh,12,,Th? Oanh,Th? Oanh,"15,664,000",0,"15,664,000","10,250,000",,62,15,Ðã nh?p hàng,SP000971,,Bánh rang howo 30R/18R chu?t /17R trong m?ng (M) ,,Cái,,"485,000.00",0,0,"485,000.00","1,940,000",4
Chi nhánh trung tâm,VM170625,17/06/2025 00:00:00,19/06/2025 16:52:48,,VM,Van Minh,12,,Th? Oanh,Th? Oanh,"15,664,000",0,"15,664,000","10,250,000",,62,15,Ðã nh?p hàng,SP000956,,Gi?m xóc sau EQ140 hai d?u khoen (M) ,,Cái,,"145,000.00",0,0,"145,000.00","580,000",4
Chi nhánh trung tâm,VM170625,17/06/2025 00:00:00,19/06/2025 16:52:48,,VM,Van Minh,12,,Th? Oanh,Th? Oanh,"15,664,000",0,"15,664,000","10,250,000",,62,15,Ðã nh?p hàng,SP001676,,B? hoi 490QB MC (M) ,,B?,,"1,850,000.00",0,0,"1,850,000.00","3,700,000",2
Chi nhánh trung tâm,VM170625,17/06/2025 00:00:00,19/06/2025 16:52:48,,VM,Van Minh,12,,Th? Oanh,Th? Oanh,"15,664,000",0,"15,664,000","10,250,000",,62,15,Ðã nh?p hàng,SP001677,,Láp 6 l? 75cm 10R Xanh (M) ,,Cái,,"345,000.00",0,0,"345,000.00","690,000",2
Chi nhánh trung tâm,VM170625,17/06/2025 00:00:00,19/06/2025 16:52:48,,VM,Van Minh,12,,Th? Oanh,Th? Oanh,"15,664,000",0,"15,664,000","10,250,000",,62,15,Ðã nh?p hàng,HH00726,,B?u s?y nguyên c?m 4113 l? 16 (SORL) (M) ,SORL,Cái,,"510,000.00",0,0,"510,000.00","1,020,000",2
Chi nhánh trung tâm,VM170625,17/06/2025 00:00:00,19/06/2025 16:52:48,,VM,Van Minh,12,,Th? Oanh,Th? Oanh,"15,664,000",0,"15,664,000","10,250,000",,62,15,Ðã nh?p hàng,SP001678,,Ph?t 46*62*10 rin (M) ,,Cái,,"21,000.00",0,0,"21,000.00","210,000",10
Chi nhánh trung tâm,VY170625,17/06/2025 00:00:00,18/06/2025 16:07:43,,VY,Vi?t Yên,20,,Th? Oanh,Th? Oanh,"3,601,000",0,"3,601,000","3,601,000",,50,3,Ðã nh?p hàng,SP001657,,cút ren n?i phi 14 1 d?u th?ng 10 (Y) ,,Cái,,"10,500.00",0,0,"10,500.00","210,000",20
Chi nhánh trung tâm,VY170625,17/06/2025 00:00:00,18/06/2025 16:07:43,,VY,Vi?t Yên,20,,Th? Oanh,Th? Oanh,"3,601,000",0,"3,601,000","3,601,000",,50,3,Ðã nh?p hàng,SP001059,,Ð?ng t?c s? ph? 18/18 (Y) ,,B?,,"760,000.00",0,0,"760,000.00","3,040,000",4
Chi nhánh trung tâm,VY170625,17/06/2025 00:00:00,18/06/2025 16:07:43,,VY,Vi?t Yên,20,,Th? Oanh,Th? Oanh,"3,601,000",0,"3,601,000","3,601,000",,50,3,Ðã nh?p hàng,SP001658,,Roang bom hoi 75 (Y) ,,B?,,"13,500.00",0,0,"13,500.00","351,000",26
Chi nhánh trung tâm,TP160625,16/06/2025 00:00:00,18/06/2025 17:05:08,,TP,Tín Phát,5,,Th? Oanh,Th? Oanh,"18,400,000",0,"18,400,000",0,,285,28,Ðã nh?p hàng,HH00694,,B?u phanh bánh phau BJ1041 (P) ,,Cái,,"100,000.00",0,0,"100,000.00","500,000",5
Chi nhánh trung tâm,TP160625,16/06/2025 00:00:00,18/06/2025 17:05:08,,TP,Tín Phát,5,,Th? Oanh,Th? Oanh,"18,400,000",0,"18,400,000",0,,285,28,Ðã nh?p hàng,HH04887,,Vành ch?u 6*37 EQ1060 YOUNGYI (P) ,,B?,,"900,000.00",0,0,"900,000.00","1,800,000",2
Chi nhánh trung tâm,TP160625,16/06/2025 00:00:00,18/06/2025 17:05:08,,TP,Tín Phát,5,,Th? Oanh,Th? Oanh,"18,400,000",0,"18,400,000",0,,285,28,Ðã nh?p hàng,SP001671,,Vành ch?u 7*41/6700/18 then (P) ,,B?,,"690,000.00",0,0,"690,000.00","1,380,000",2
Chi nhánh trung tâm,TP160625,16/06/2025 00:00:00,18/06/2025 17:05:08,,TP,Tín Phát,5,,Th? Oanh,Th? Oanh,"18,400,000",0,"18,400,000",0,,285,28,Ðã nh?p hàng,SP001670,,C?m bi quang treo Ø65 DF ba long (Ø65*36*230) sam tin (P) ,,Cái,,"410,000.00",0,0,"410,000.00","820,000",2
Chi nhánh trung tâm,TP160625,16/06/2025 00:00:00,18/06/2025 17:05:08,,TP,Tín Phát,5,,Th? Oanh,Th? Oanh,"18,400,000",0,"18,400,000",0,,285,28,Ðã nh?p hàng,SP001669,,C?m bi quang treo Ø65 (65*36*200) Samtin (P) ,,Cái,,"410,000.00",0,0,"410,000.00","820,000",2
Chi nhánh trung tâm,TP160625,16/06/2025 00:00:00,18/06/2025 17:05:08,,TP,Tín Phát,5,,Th? Oanh,Th? Oanh,"18,400,000",0,"18,400,000",0,,285,28,Ðã nh?p hàng,SP001668,,Ro le g?t nhanh ch?m/ C?n g?t s? ph? 140 có ?c (BT-86522) BOTAO (P) ,,Cái,,"88,000.00",0,0,"88,000.00","440,000",5
Chi nhánh trung tâm,TP160625,16/06/2025 00:00:00,18/06/2025 17:05:08,,TP,Tín Phát,5,,Th? Oanh,Th? Oanh,"18,400,000",0,"18,400,000",0,,285,28,Ðã nh?p hàng,HH01675,,C?m rô tuyn ba ngan có ch?nh EQ1061 (P) ,,B?,,"100,000.00",0,0,"100,000.00","500,000",5
Chi nhánh trung tâm,TP160625,16/06/2025 00:00:00,18/06/2025 17:05:08,,TP,Tín Phát,5,,Th? Oanh,Th? Oanh,"18,400,000",0,"18,400,000",0,,285,28,Ðã nh?p hàng,HH03583,,"Ph?t 95,25x114,3x20 (P) ",,Chua xác d?nh,,"30,000.00",0,0,"30,000.00","150,000",5
Chi nhánh trung tâm,TP160625,16/06/2025 00:00:00,18/06/2025 17:05:08,,TP,Tín Phát,5,,Th? Oanh,Th? Oanh,"18,400,000",0,"18,400,000",0,,285,28,Ðã nh?p hàng,SP001667,,Ru?t l?c gi?y 0810 rin l?c lu?i s?t 1 d?u to 1 d?u nh? (P) ,,Cái,,"13,000.00",0,0,"13,000.00","260,000",20
Chi nhánh trung tâm,TP160625,16/06/2025 00:00:00,18/06/2025 17:05:08,,TP,Tín Phát,5,,Th? Oanh,Th? Oanh,"18,400,000",0,"18,400,000",0,,285,28,Ðã nh?p hàng,HH04060,,Tay biên 490QB phi (29*61*125) (Vân n?i) (YUNNEI) (P) ,YUNNEI,Cái,,"150,000.00",0,0,"150,000.00","600,000",4
Chi nhánh trung tâm,TP160625,16/06/2025 00:00:00,18/06/2025 17:05:08,,TP,Tín Phát,5,,Th? Oanh,Th? Oanh,"18,400,000",0,"18,400,000",0,,285,28,Ðã nh?p hàng,SP000313,,Bom nh?n YN490QB nhôm (không loa sen) vân n?i (P) ,,Cái,,"325,000.00",0,0,"325,000.00","650,000",2
Chi nhánh trung tâm,TP160625,16/06/2025 00:00:00,18/06/2025 17:05:08,,TP,Tín Phát,5,,Th? Oanh,Th? Oanh,"18,400,000",0,"18,400,000",0,,285,28,Ðã nh?p hàng,SP001666,,T?ng côn du?i Ø76 OLIN 500B KADOS (P) ,,Cái,,"475,000.00",0,0,"475,000.00","950,000",2
Chi nhánh trung tâm,TP160625,16/06/2025 00:00:00,18/06/2025 17:05:08,,TP,Tín Phát,5,,Th? Oanh,Th? Oanh,"18,400,000",0,"18,400,000",0,,285,28,Ðã nh?p hàng,SP001665,,"Dây s? chính DF 3,2M 2 d?u ?c (P) ",,Cái,,"130,000.00",0,0,"130,000.00","780,000",6
Chi nhánh trung tâm,TP160625,16/06/2025 00:00:00,18/06/2025 17:05:08,,TP,Tín Phát,5,,Th? Oanh,Th? Oanh,"18,400,000",0,"18,400,000",0,,285,28,Ðã nh?p hàng,HH01830,,"Dây phanh tay 3,6m (P) ",,Cái,,"70,000.00",0,0,"70,000.00","420,000",6
Chi nhánh trung tâm,TP160625,16/06/2025 00:00:00,18/06/2025 17:05:08,,TP,Tín Phát,5,,Th? Oanh,Th? Oanh,"18,400,000",0,"18,400,000",0,,285,28,Ðã nh?p hàng,SP001664,,Dây hoi cu?n Ø8 (P) ,,m,,"2,800.00",0,0,"2,800.00","280,000",100
Chi nhánh trung tâm,TP160625,16/06/2025 00:00:00,18/06/2025 17:05:08,,TP,Tín Phát,5,,Th? Oanh,Th? Oanh,"18,400,000",0,"18,400,000",0,,285,28,Ðã nh?p hàng,HH01916,,Dây ty ô v?i 2 d?u ?c phi 60 (P) ,,Cái,,"23,000.00",0,0,"23,000.00","460,000",20
Chi nhánh trung tâm,TP160625,16/06/2025 00:00:00,18/06/2025 17:05:08,,TP,Tín Phát,5,,Th? Oanh,Th? Oanh,"18,400,000",0,"18,400,000",0,,285,28,Ðã nh?p hàng,SP001663,,B?u l?c kê sau EQ140 M16* 82 (SORL) (P) ,,Cái,,"485,000.00",0,0,"485,000.00","970,000",2
Chi nhánh trung tâm,TP160625,16/06/2025 00:00:00,18/06/2025 17:05:08,,TP,Tín Phát,5,,Th? Oanh,Th? Oanh,"18,400,000",0,"18,400,000",0,,285,28,Ðã nh?p hàng,SP001662,,Tr?c ?c nhíp tru?c EQ153 30*148 (P) ,,Cái,,"26,000.00",0,0,"26,000.00","1,300,000",50
Chi nhánh trung tâm,TP160625,16/06/2025 00:00:00,18/06/2025 17:05:08,,TP,Tín Phát,5,,Th? Oanh,Th? Oanh,"18,400,000",0,"18,400,000",0,,285,28,Ðã nh?p hàng,SP001600,,Tr?c co YN490QB bi 203 h?p g? Foton (P) ,,Cái,,"1,550,000.00",0,0,"1,550,000.00","1,550,000",1
Chi nhánh trung tâm,TP160625,16/06/2025 00:00:00,18/06/2025 17:05:08,,TP,Tín Phát,5,,Th? Oanh,Th? Oanh,"18,400,000",0,"18,400,000",0,,285,28,Ðã nh?p hàng,SP001661,,B?c ?ng YN4100QB FOTON (P) ,,B?,,"100,000.00",0,0,"100,000.00","500,000",5
Chi nhánh trung tâm,TP160625,16/06/2025 00:00:00,18/06/2025 17:05:08,,TP,Tín Phát,5,,Th? Oanh,Th? Oanh,"18,400,000",0,"18,400,000",0,,285,28,Ðã nh?p hàng,HH00033,,B?c biên 4100QB (FOTON) (P) ,,B?,,"60,000.00",0,0,"60,000.00","60,000",1
Chi nhánh trung tâm,TP160625,16/06/2025 00:00:00,18/06/2025 17:05:08,,TP,Tín Phát,5,,Th? Oanh,Th? Oanh,"18,400,000",0,"18,400,000",0,,285,28,Ðã nh?p hàng,SP001660,,Bi tê li?n c?m 78CT5737F3 Samtin ,,Cái,,"330,000.00",0,0,"330,000.00","990,000",3
Chi nhánh trung tâm,TP160625,16/06/2025 00:00:00,18/06/2025 17:05:08,,TP,Tín Phát,5,,Th? Oanh,Th? Oanh,"18,400,000",0,"18,400,000",0,,285,28,Ðã nh?p hàng,SP000394,,Vòng bi tê 360111 Samtin (P) ,,Cái,,"66,000.00",0,0,"66,000.00","330,000",5
Chi nhánh trung tâm,TP160625,16/06/2025 00:00:00,18/06/2025 17:05:08,,TP,Tín Phát,5,,Th? Oanh,Th? Oanh,"18,400,000",0,"18,400,000",0,,285,28,Ðã nh?p hàng,SP000660,,Bi 30305 Samtin (P) ,,Cái,,"32,000.00",0,0,"32,000.00","320,000",10
Chi nhánh trung tâm,TP160625,16/06/2025 00:00:00,18/06/2025 17:05:08,,TP,Tín Phát,5,,Th? Oanh,Th? Oanh,"18,400,000",0,"18,400,000",0,,285,28,Ðã nh?p hàng,SP001659,,Vòng bi 29587/20 Samtin (P) ,,Cái,,"82,000.00",0,0,"82,000.00","410,000",5
Chi nhánh trung tâm,TP160625,16/06/2025 00:00:00,18/06/2025 17:05:08,,TP,Tín Phát,5,,Th? Oanh,Th? Oanh,"18,400,000",0,"18,400,000",0,,285,28,Ðã nh?p hàng,HH00844,,Bi 30308 Samtin (P) ,SAMTIN,Vòng,,"67,000.00",0,0,"67,000.00","335,000",5
Chi nhánh trung tâm,TP160625,16/06/2025 00:00:00,18/06/2025 17:05:08,,TP,Tín Phát,5,,Th? Oanh,Th? Oanh,"18,400,000",0,"18,400,000",0,,285,28,Ðã nh?p hàng,SP001445,,Vòng bi 33113*2/7813E Samtin (P) ,,Cái,,"87,000.00",0,0,"87,000.00","435,000",5
Chi nhánh trung tâm,TP160625,16/06/2025 00:00:00,18/06/2025 17:05:08,,TP,Tín Phát,5,,Th? Oanh,Th? Oanh,"18,400,000",0,"18,400,000",0,,285,28,Ðã nh?p hàng,HH00840,,Bi 28985/20 Samtin (P) ,SAMTIN,cái,,"78,000.00",0,0,"78,000.00","390,000",5
Chi nhánh trung tâm,PN000169,14/06/2025 15:16:33,16/06/2025 15:16:33,16/06/2025 15:17:13,VM,Van Minh,12,,Th? Oanh,Th? Oanh,"9,360,000",0,"9,360,000","120,000",,70,11,Ðã nh?p hàng,SP001656,,X?t mang máy 490QB HUATAI (M) ,,B?,,"205,000.00",0,0,"205,000.00","410,000",2
Chi nhánh trung tâm,PN000169,14/06/2025 15:16:33,16/06/2025 15:16:33,16/06/2025 15:17:13,VM,Van Minh,12,,Th? Oanh,Th? Oanh,"9,360,000",0,"9,360,000","120,000",,70,11,Ðã nh?p hàng,SP000502,,B?c ?ng YC4108ZQ c?t 0.00 rin Yuchai (M) ,,B?,,"180,000.00",0,0,"180,000.00","540,000",3
Chi nhánh trung tâm,PN000169,14/06/2025 15:16:33,16/06/2025 15:16:33,16/06/2025 15:17:13,VM,Van Minh,12,,Th? Oanh,Th? Oanh,"9,360,000",0,"9,360,000","120,000",,70,11,Ðã nh?p hàng,HH00058,,B?c biên 4108ZQ rin h?n Yuchai (M) ,YUCHAI,B?,,"225,000.00",0,0,"225,000.00","900,000",4
Chi nhánh trung tâm,PN000169,14/06/2025 15:16:33,16/06/2025 15:16:33,16/06/2025 15:17:13,VM,Van Minh,12,,Th? Oanh,Th? Oanh,"9,360,000",0,"9,360,000","120,000",,70,11,Ðã nh?p hàng,SP001655,,Bom nh?n YC4110ZQ 30R rin Yuchai (M) ,,Cái,,"510,000.00",0,0,"510,000.00","510,000",1
Chi nhánh trung tâm,PN000169,14/06/2025 15:16:33,16/06/2025 15:16:33,16/06/2025 15:17:13,VM,Van Minh,12,,Th? Oanh,Th? Oanh,"9,360,000",0,"9,360,000","120,000",,70,11,Ðã nh?p hàng,SP001654,,L?c gió s?t 15*22 (M) ,,Cái,,"65,000.00",0,0,"65,000.00","260,000",4
Chi nhánh trung tâm,PN000169,14/06/2025 15:16:33,16/06/2025 15:16:33,16/06/2025 15:17:13,VM,Van Minh,12,,Th? Oanh,Th? Oanh,"9,360,000",0,"9,360,000","120,000",,70,11,Ðã nh?p hàng,SP000639,,Bàn ép 255 CY4100 rin tiu liu (M) ,,Cái,,"440,000.00",0,0,"440,000.00","880,000",2
Chi nhánh trung tâm,PN000169,14/06/2025 15:16:33,16/06/2025 15:16:33,16/06/2025 15:17:13,VM,Van Minh,12,,Th? Oanh,Th? Oanh,"9,360,000",0,"9,360,000","120,000",,70,11,Ðã nh?p hàng,HH00157,,B?c nhíp s?t 30*36*88 (M) ,,Cái,,"13,000.00",0,0,"13,000.00","520,000",40
Chi nhánh trung tâm,PN000169,14/06/2025 15:16:33,16/06/2025 15:16:33,16/06/2025 15:17:13,VM,Van Minh,12,,Th? Oanh,Th? Oanh,"9,360,000",0,"9,360,000","120,000",,70,11,Ðã nh?p hàng,SP001653,,Bánh rang t?ng trên s? chính 31R*32 chu?t EQ140 (M) ,,Cái,,"230,000.00",0,0,"230,000.00","460,000",2
Chi nhánh trung tâm,PN000169,14/06/2025 15:16:33,16/06/2025 15:16:33,16/06/2025 15:17:13,VM,Van Minh,12,,Th? Oanh,Th? Oanh,"9,360,000",0,"9,360,000","120,000",,70,11,Ðã nh?p hàng,SP001541,,Tr?c cam YC4110 (thùng g?) YUCHAI RIN (M) ,,Cái,,"950,000.00",0,0,"950,000.00","950,000",1
Chi nhánh trung tâm,PN000169,14/06/2025 15:16:33,16/06/2025 15:16:33,16/06/2025 15:17:13,VM,Van Minh,12,,Th? Oanh,Th? Oanh,"9,360,000",0,"9,360,000","120,000",,70,11,Ðã nh?p hàng,HH01723,,C?m rô tuyn không ch?nh EQ1061 (M) ,,B?,,"95,000.00",0,0,"95,000.00","950,000",10
Chi nhánh trung tâm,PN000169,14/06/2025 15:16:33,16/06/2025 15:16:33,16/06/2025 15:17:13,VM,Van Minh,12,,Th? Oanh,Th? Oanh,"9,360,000",0,"9,360,000","120,000",,70,11,Ðã nh?p hàng,HH02312,,Hoi khô YC4110ZQ (?c 40) YuChai RIN (M) ,YUCHAI,B?,,"2,980,000.00",0,0,"2,980,000.00","2,980,000",1
Chi nhánh trung tâm,AT120625,13/06/2025 15:07:21,13/06/2025 15:07:21,,AT,An Thái,9,,Th? Oanh,Th? Oanh,"11,723,000",0,"11,723,000",0,,43,12,Ðã nh?p hàng,HH02289,,Hoi khô CY4102BZLQ g? 1 ly/ 4BD1 QUEMAN (A) ,QUEMAN,B?,,"3,748,000.00",0,0,"3,748,000.00","3,748,000",1
Chi nhánh trung tâm,AT120625,13/06/2025 15:07:21,13/06/2025 15:07:21,,AT,An Thái,9,,Th? Oanh,Th? Oanh,"11,723,000",0,"11,723,000",0,,43,12,Ðã nh?p hàng,HH05302,,Xu báp 6102/6BT hút C4995554 (A) ,,B?,,"254,000.00",0,0,"254,000.00","508,000",2
Chi nhánh trung tâm,AT120625,13/06/2025 15:07:21,13/06/2025 15:07:21,,AT,An Thái,9,,Th? Oanh,Th? Oanh,"11,723,000",0,"11,723,000",0,,43,12,Ðã nh?p hàng,HH05304,,Xu báp 6102/6BT xã C4994143 (A) ,,B?,,"271,000.00",0,0,"271,000.00","542,000",2
Chi nhánh trung tâm,AT120625,13/06/2025 15:07:21,13/06/2025 15:07:21,,AT,An Thái,9,,Th? Oanh,Th? Oanh,"11,723,000",0,"11,723,000",0,,43,12,Ðã nh?p hàng,SP001650,,N?p sinh hàn 4102BQ (A) ,,Cái,,"388,000.00",0,0,"388,000.00","776,000",2
Chi nhánh trung tâm,AT120625,13/06/2025 15:07:21,13/06/2025 15:07:21,,AT,An Thái,9,,Th? Oanh,Th? Oanh,"11,723,000",0,"11,723,000",0,,43,12,Ðã nh?p hàng,SP001651,,Bu ly d?u tr?c co YC4D/4108 Yuchai (A) ,,Cái,,"769,000.00",0,0,"769,000.00","1,538,000",2
Chi nhánh trung tâm,AT120625,13/06/2025 15:07:21,13/06/2025 15:07:21,,AT,An Thái,9,,Th? Oanh,Th? Oanh,"11,723,000",0,"11,723,000",0,,43,12,Ðã nh?p hàng,SP000303,,Giá b?u l?c 1212 (A) ,,Cái,,"113,000.00",0,0,"113,000.00","339,000",3
Chi nhánh trung tâm,AT120625,13/06/2025 15:07:21,13/06/2025 15:07:21,,AT,An Thái,9,,Th? Oanh,Th? Oanh,"11,723,000",0,"11,723,000",0,,43,12,Ðã nh?p hàng,HH00075,,B?c biên 4BT 4102 K38 ?c g? cùng chi?u DCEC (A) ,,B?,,"269,000.00",0,0,"269,000.00","807,000",3
Chi nhánh trung tâm,AT120625,13/06/2025 15:07:21,13/06/2025 15:07:21,,AT,An Thái,9,,Th? Oanh,Th? Oanh,"11,723,000",0,"11,723,000",0,,43,12,Ðã nh?p hàng,HH00240,,B?c ?ng YZ4110/YZ4105ZLQ (A) ,,B?,,"183,000.00",0,0,"183,000.00","549,000",3
Chi nhánh trung tâm,AT120625,13/06/2025 15:07:21,13/06/2025 15:07:21,,AT,An Thái,9,,Th? Oanh,Th? Oanh,"11,723,000",0,"11,723,000",0,,43,12,Ðã nh?p hàng,HH04048,,Tay biên 4102/ 6102/ 4BT/ 6BT/ K38 ?c gô ngu?c chi?u (40*73*136) (A) ,,Cái,,"238,000.00",0,0,"238,000.00","1,190,000",5
Chi nhánh trung tâm,AT120625,13/06/2025 15:07:21,13/06/2025 15:07:21,,AT,An Thái,9,,Th? Oanh,Th? Oanh,"11,723,000",0,"11,723,000",0,,43,12,Ðã nh?p hàng,HH03521,,Ph?t 70x90x10 d?u tr?c co CHENLONG không lò xo (A) ,,Chua xác d?nh,,"56,000.00",0,0,"56,000.00","336,000",6
Chi nhánh trung tâm,AT120625,13/06/2025 15:07:21,13/06/2025 15:07:21,,AT,An Thái,9,,Th? Oanh,Th? Oanh,"11,723,000",0,"11,723,000",0,,43,12,Ðã nh?p hàng,HH05324,,Xu báp hút YC6L/6113 YUCHAI (A) ,YUCHAI,Cái,,"82,000.00",0,0,"82,000.00","984,000",12
Chi nhánh trung tâm,AT120625,13/06/2025 15:07:21,13/06/2025 15:07:21,,AT,An Thái,9,,Th? Oanh,Th? Oanh,"11,723,000",0,"11,723,000",0,,43,12,Ðã nh?p hàng,SP001652,,V? van hàn nhi?t/ N?p du?ng nu?c trên YC6A/6108ZQB yuchai (A) ,,Cái,,"203,000.00",0,0,"203,000.00","406,000",2
Chi nhánh trung tâm,VT110625,11/6/2025 0:00,12/6/2025 16:07,13/06/2025 09:56:03,VT,Vi?t Ti?n,2,,Th? Oanh,Th? Oanh,"8,240,000",0,"8,240,000","10,120,000",,42,11,Ðã nh?p hàng,HH05281,,Xu báp 4108 h?p d? VALVE (V) ,,Chua xác d?nh,,"350,000.00",0,0,"350,000.00","1,050,000",3
Chi nhánh trung tâm,VT110625,11/6/2025 0:00,12/6/2025 16:07,13/06/2025 09:56:03,VT,Vi?t Ti?n,2,,Th? Oanh,Th? Oanh,"8,240,000",0,"8,240,000","10,120,000",,42,11,Ðã nh?p hàng,SP000865,,Ph?t 100*125*12 rin ko lò xo Jingyte (V) ,,Cái,,"60,000.00",0,0,"60,000.00","300,000",5
Chi nhánh trung tâm,VT110625,11/6/2025 0:00,12/6/2025 16:07,13/06/2025 09:56:03,VT,Vi?t Ti?n,2,,Th? Oanh,Th? Oanh,"8,240,000",0,"8,240,000","10,120,000",,42,11,Ðã nh?p hàng,HH03493,,Ph?t 60x90x12 HDa (V) ,,Chua xác d?nh,,"10,000.00",0,0,"10,000.00","200,000",20
Chi nhánh trung tâm,VT110625,11/6/2025 0:00,12/6/2025 16:07,13/06/2025 09:56:03,VT,Vi?t Ti?n,2,,Th? Oanh,Th? Oanh,"8,240,000",0,"8,240,000","10,120,000",,42,11,Ðã nh?p hàng,HH04726,,Tu bô 4110GT/ KT25 (39*41.5) KATE (V) ,KATE,Cái,,"2,450,000.00",0,0,"2,450,000.00","2,450,000",1
Chi nhánh trung tâm,VT110625,11/6/2025 0:00,12/6/2025 16:07,13/06/2025 09:56:03,VT,Vi?t Ti?n,2,,Th? Oanh,Th? Oanh,"8,240,000",0,"8,240,000","10,120,000",,42,11,Ðã nh?p hàng,HH05284,,Xu báp YC4108 D30 com lê YUCHAI (V) ,YUCHAI,Chua xác d?nh,,"400,000.00",0,0,"400,000.00","800,000",2
Chi nhánh trung tâm,VT110625,11/6/2025 0:00,12/6/2025 16:07,13/06/2025 09:56:03,VT,Vi?t Ti?n,2,,Th? Oanh,Th? Oanh,"8,240,000",0,"8,240,000","10,120,000",,42,11,Ðã nh?p hàng,HH05286,,Xu báp 4110 YUCHAI (V) ,YUCHAI,Chua xác d?nh,,"430,000.00",0,0,"430,000.00","860,000",2
Chi nhánh trung tâm,VT110625,11/6/2025 0:00,12/6/2025 16:07,13/06/2025 09:56:03,VT,Vi?t Ti?n,2,,Th? Oanh,Th? Oanh,"8,240,000",0,"8,240,000","10,120,000",,42,11,Ðã nh?p hàng,SP000121,,Bàn ép 255 BJ4100 COVER (V),,,,"300,000.00",0,0,"300,000.00","300,000",1
Chi nhánh trung tâm,VT110625,11/6/2025 0:00,12/6/2025 16:07,13/06/2025 09:56:03,VT,Vi?t Ti?n,2,,Th? Oanh,Th? Oanh,"8,240,000",0,"8,240,000","10,120,000",,42,11,Ðã nh?p hàng,HH03101,,M?t bích van Chia hoi CP1903EQ010 (5 l?) (V) ,,Chua xác d?nh,,"220,000.00",0,0,"220,000.00","440,000",2
Chi nhánh trung tâm,VT110625,11/6/2025 0:00,12/6/2025 16:07,13/06/2025 09:56:03,VT,Vi?t Ti?n,2,,Th? Oanh,Th? Oanh,"8,240,000",0,"8,240,000","10,120,000",,42,11,Ðã nh?p hàng,HH05294,,Xu báp WX490ZLQ (43000) (VALVE) (V) ,VALVE,B?,,"260,000.00",0,0,"260,000.00","520,000",2
Chi nhánh trung tâm,VT110625,11/6/2025 0:00,12/6/2025 16:07,13/06/2025 09:56:03,VT,Vi?t Ti?n,2,,Th? Oanh,Th? Oanh,"8,240,000",0,"8,240,000","10,120,000",,42,11,Ðã nh?p hàng,HH05275,,Xu báp YN4102QB h?p d? (V) ,,B?,,"330,000.00",0,0,"330,000.00","660,000",2
Chi nhánh trung tâm,VT110625,11/6/2025 0:00,12/6/2025 16:07,13/06/2025 09:56:03,VT,Vi?t Ti?n,2,,Th? Oanh,Th? Oanh,"8,240,000",0,"8,240,000","10,120,000",,42,11,Ðã nh?p hàng,HH05314,,Xu báp CY4102BQ khô gi?y d? VALVE (V) ,VALVE,Chua xác d?nh,,"330,000.00",0,0,"330,000.00","660,000",2
Chi nhánh trung tâm,VT100625,10/6/2025 0:00,12/6/2025 9:14,12/6/2025 15:06,VT,Vi?t Ti?n,2,,Th? Oanh,Th? Oanh,"17,370,000",0,"17,370,000","20,320,000",,41,19,Ðã nh?p hàng,SP000058,,bi 32014X (70*110),,,,"85,000.00",0,0,"85,000.00","340,000",4
Chi nhánh trung tâm,VT100625,10/6/2025 0:00,12/6/2025 9:14,12/6/2025 15:06,VT,Vi?t Ti?n,2,,Th? Oanh,Th? Oanh,"17,370,000",0,"17,370,000","20,320,000",,41,19,Ðã nh?p hàng,HH04225,,Th?t c?t dang 24R EQ153 cài phe (V) ,,Chua xác d?nh,,"250,000.00",0,0,"250,000.00","500,000",2
Chi nhánh trung tâm,VT100625,10/6/2025 0:00,12/6/2025 9:14,12/6/2025 15:06,VT,Vi?t Ti?n,2,,Th? Oanh,Th? Oanh,"17,370,000",0,"17,370,000","20,320,000",,41,19,Ðã nh?p hàng,HH01233,,Bom tr? l?c lái 120/120 SORL (V) ,SORL,Cái,,"850,000.00",0,0,"850,000.00","850,000",1
Chi nhánh trung tâm,VT100625,10/6/2025 0:00,12/6/2025 9:14,12/6/2025 15:06,VT,Vi?t Ti?n,2,,Th? Oanh,Th? Oanh,"17,370,000",0,"17,370,000","20,320,000",,41,19,Ðã nh?p hàng,HH01286,,Bom tr? l?c lái YuChai 24R 4108 215B (l? nh?) (V) ,YUCHAI,Cái,,"1,350,000.00",0,0,"1,350,000.00","1,350,000",1
Chi nhánh trung tâm,VT100625,10/6/2025 0:00,12/6/2025 9:14,12/6/2025 15:06,VT,Vi?t Ti?n,2,,Th? Oanh,Th? Oanh,"17,370,000",0,"17,370,000","20,320,000",,41,19,Ðã nh?p hàng,HH01291,,Bom tr? l?c lái YuChai 24R*4108 (D08WD-3407100) (l? to) (V) ,YUCHAI,Cái,,"1,250,000.00",0,0,"1,250,000.00","1,250,000",1
Chi nhánh trung tâm,VT100625,10/6/2025 0:00,12/6/2025 9:14,12/6/2025 15:06,VT,Vi?t Ti?n,2,,Th? Oanh,Th? Oanh,"17,370,000",0,"17,370,000","20,320,000",,41,19,Ðã nh?p hàng,HH01196,,Bom nu?c YC4110 bu ly 3 r?nh c?i 42 v?a (V) ,,Chua xác d?nh,,"750,000.00",0,0,"750,000.00","750,000",1
Chi nhánh trung tâm,VT100625,10/6/2025 0:00,12/6/2025 9:14,12/6/2025 15:06,VT,Vi?t Ti?n,2,,Th? Oanh,Th? Oanh,"17,370,000",0,"17,370,000","20,320,000",,41,19,Ðã nh?p hàng,SP001634,,Vành ch?u 6*41 EQ140 DF (V) ,,B?,,"1,780,000.00",0,0,"1,780,000.00","1,780,000",1
Chi nhánh trung tâm,VT100625,10/6/2025 0:00,12/6/2025 9:14,12/6/2025 15:06,VT,Vi?t Ti?n,2,,Th? Oanh,Th? Oanh,"17,370,000",0,"17,370,000","20,320,000",,41,19,Ðã nh?p hàng,HH02717,,L?c d?u PL420 (V) ,,Cái,,"95,000.00",0,0,"95,000.00","285,000",3
Chi nhánh trung tâm,VT100625,10/6/2025 0:00,12/6/2025 9:14,12/6/2025 15:06,VT,Vi?t Ti?n,2,,Th? Oanh,Th? Oanh,"17,370,000",0,"17,370,000","20,320,000",,41,19,Ðã nh?p hàng,SP001647,,Bánh rang s? ph? 30R xéo/ 18R chu?t/ 17 then (V) ,,Cái,,"405,000.00",0,0,"405,000.00","405,000",1
Chi nhánh trung tâm,VT100625,10/6/2025 0:00,12/6/2025 9:14,12/6/2025 15:06,VT,Vi?t Ti?n,2,,Th? Oanh,Th? Oanh,"17,370,000",0,"17,370,000","20,320,000",,41,19,Ðã nh?p hàng,SP000717,,Qu? van bom cao áp 50R CY4102 BQ l? 20 (Q312) (V) ,,Cái,,"600,000.00",0,0,"600,000.00","600,000",1
Chi nhánh trung tâm,VT100625,10/6/2025 0:00,12/6/2025 9:14,12/6/2025 15:06,VT,Vi?t Ti?n,2,,Th? Oanh,Th? Oanh,"17,370,000",0,"17,370,000","20,320,000",,41,19,Ðã nh?p hàng,SP001587,,Tang bua sau BJ1041 31*14*8*13 6 l? (V) ,,Cái,,"350,000.00",0,0,"350,000.00","700,000",2
Chi nhánh trung tâm,VT100625,10/6/2025 0:00,12/6/2025 9:14,12/6/2025 15:06,VT,Vi?t Ti?n,2,,Th? Oanh,Th? Oanh,"17,370,000",0,"17,370,000","20,320,000",,41,19,Ðã nh?p hàng,SP001610,,Roang quy lát YC6L L3000 Yuchai (V) ,,Cái,,"800,000.00",0,0,"800,000.00","1,600,000",2
Chi nhánh trung tâm,VT100625,10/6/2025 0:00,12/6/2025 9:14,12/6/2025 15:06,VT,Vi?t Ti?n,2,,Th? Oanh,Th? Oanh,"17,370,000",0,"17,370,000","20,320,000",,41,19,Ðã nh?p hàng,HH00910,,Bình hoi L500 28 5 l? nhôm (V) ,,Cái,,"620,000.00",0,0,"620,000.00","1,240,000",2
Chi nhánh trung tâm,VT100625,10/6/2025 0:00,12/6/2025 9:14,12/6/2025 15:06,VT,Vi?t Ti?n,2,,Th? Oanh,Th? Oanh,"17,370,000",0,"17,370,000","20,320,000",,41,19,Ðã nh?p hàng,SP001648,,T?ng phanh hoi không bàn d?p EQ153 6 l? vàng H?i H?ng (V) ,,Cái,,"345,000.00",0,0,"345,000.00","1,380,000",4
Chi nhánh trung tâm,VT100625,10/6/2025 0:00,12/6/2025 9:14,12/6/2025 15:06,VT,Vi?t Ti?n,2,,Th? Oanh,Th? Oanh,"17,370,000",0,"17,370,000","20,320,000",,41,19,Ðã nh?p hàng,SP000294,,B?u s?y nguyên c?m DF375 (K0200) (35110072500) (SORL) (V),SORL,,,"800,000.00",0,0,"800,000.00","1,600,000",2
Chi nhánh trung tâm,VT100625,10/6/2025 0:00,12/6/2025 9:14,12/6/2025 15:06,VT,Vi?t Ti?n,2,,Th? Oanh,Th? Oanh,"17,370,000",0,"17,370,000","20,320,000",,41,19,Ðã nh?p hàng,SP001649,,"B?c ?ng 6BT (0,00) DEC (V) ",,B?,,"300,000.00",0,0,"300,000.00","600,000",2
Chi nhánh trung tâm,VT100625,10/6/2025 0:00,12/6/2025 9:14,12/6/2025 15:06,VT,Vi?t Ti?n,2,,Th? Oanh,Th? Oanh,"17,370,000",0,"17,370,000","20,320,000",,41,19,Ðã nh?p hàng,HH04429,,Tr?c ?c phi dê BJ1041 phi 30/*34*148 Samtin (V) ,SAMTIN,B?,,"170,000.00",0,0,"170,000.00","680,000",4
Chi nhánh trung tâm,VT100625,10/6/2025 0:00,12/6/2025 9:14,12/6/2025 15:06,VT,Vi?t Ti?n,2,,Th? Oanh,Th? Oanh,"17,370,000",0,"17,370,000","20,320,000",,41,19,Ðã nh?p hàng,SP001646,,B?u x?c vô t?ng phanh d?u Foton (A1787) (V) ,,Cái,,"480,000.00",0,0,"480,000.00","960,000",2
Chi nhánh trung tâm,VT100625,10/6/2025 0:00,12/6/2025 9:14,12/6/2025 15:06,VT,Vi?t Ti?n,2,,Th? Oanh,Th? Oanh,"17,370,000",0,"17,370,000","20,320,000",,41,19,Ðã nh?p hàng,HH01343,,"Càn s? ph? 17,5/ 145 (V) ",,Cái,,"100,000.00",0,0,"100,000.00","500,000",5
Chi nhánh trung tâm,VM090625,9/6/2025 0:00,10/6/2025 16:12,,VM,Van Minh,12,,Th? Oanh,Th? Oanh,"10,796,000",0,"10,796,000","10,200,000",,71,10,Ðã nh?p hàng,HH04151,,"Tam bua sau DF375/ Chen Long (41/28/22/25,5/10 l?) (M) ",,Cái,,"1,480,000.00",0,0,"1,480,000.00","2,960,000",2
Chi nhánh trung tâm,VM090625,9/6/2025 0:00,10/6/2025 16:12,,VM,Van Minh,12,,Th? Oanh,Th? Oanh,"10,796,000",0,"10,796,000","10,200,000",,71,10,Ðã nh?p hàng,SP001641,,Th?t cát dang 47 EQ153 24R cài phe Liuseng (M) ,,Cái,,"290,000.00",0,0,"290,000.00","580,000",2
Chi nhánh trung tâm,VM090625,9/6/2025 0:00,10/6/2025 16:12,,VM,Van Minh,12,,Th? Oanh,Th? Oanh,"10,796,000",0,"10,796,000","10,200,000",,71,10,Ðã nh?p hàng,HH03093,,M?t bích duôi h?p s? 14R chân h?p HQ545 (M) ,,Chua xác d?nh,,"142,000.00",0,0,"142,000.00","568,000",4
Chi nhánh trung tâm,VM090625,9/6/2025 0:00,10/6/2025 16:12,,VM,Van Minh,12,,Th? Oanh,Th? Oanh,"10,796,000",0,"10,796,000","10,200,000",,71,10,Ðã nh?p hàng,HH02932,,"Má phanh sau Howo 186*185/14,5 8 l? (M) ",,Cái,,"31,000.00",0,0,"31,000.00","1,488,000",48
Chi nhánh trung tâm,VM090625,9/6/2025 0:00,10/6/2025 16:12,,VM,Van Minh,12,,Th? Oanh,Th? Oanh,"10,796,000",0,"10,796,000","10,200,000",,71,10,Ðã nh?p hàng,SP001435,,B?c ?ng CY4102 c?t 0.00 (M) ,,B?,,"110,000.00",0,0,"110,000.00","550,000",5
Chi nhánh trung tâm,VM090625,9/6/2025 0:00,10/6/2025 16:12,,VM,Van Minh,12,,Th? Oanh,Th? Oanh,"10,796,000",0,"10,796,000","10,200,000",,71,10,Ðã nh?p hàng,SP001642,,B?c biên CY4102 c?t 0.00 h?p Foton (M) ,,B?,,"68,000.00",0,0,"68,000.00","340,000",5
Chi nhánh trung tâm,VM090625,9/6/2025 0:00,10/6/2025 16:12,,VM,Van Minh,12,,Th? Oanh,Th? Oanh,"10,796,000",0,"10,796,000","10,200,000",,71,10,Ðã nh?p hàng,SP001643,,Tr?c co CY4105/ 4102 Q28 T.g? Hydun (M) ,,Cái,,"1,850,000.00",0,0,"1,850,000.00","1,850,000",1
Chi nhánh trung tâm,VM090625,9/6/2025 0:00,10/6/2025 16:12,,VM,Van Minh,12,,Th? Oanh,Th? Oanh,"10,796,000",0,"10,796,000","10,200,000",,71,10,Ðã nh?p hàng,SP001644,,C? xã rít to YC4108ZQ D0702 rin Yuchai (M) ,,Cái,,"780,000.00",0,0,"780,000.00","780,000",1
Chi nhánh trung tâm,VM090625,9/6/2025 0:00,10/6/2025 16:12,,VM,Van Minh,12,,Th? Oanh,Th? Oanh,"10,796,000",0,"10,796,000","10,200,000",,71,10,Ðã nh?p hàng,SP001645,,Xéc mang YC4108ZQ rin Yuchai (M) ,,B?,,"290,000.00",0,0,"290,000.00","580,000",2
Chi nhánh trung tâm,VM090625,9/6/2025 0:00,10/6/2025 16:12,,VM,Van Minh,12,,Th? Oanh,Th? Oanh,"10,796,000",0,"10,796,000","10,200,000",,71,10,Ðã nh?p hàng,HH04969,,Vành ch?u 6*38 1060 YYL (M) ,DONGFENG,B?,,"1,100,000.00",0,0,"1,100,000.00","1,100,000",1
Chi nhánh trung tâm,TP070625,7/6/2025 0:00,8/6/2025 15:59,,TP,Tín Phát,5,,Th? Oanh,Th? Oanh,"13,630,000",0,"13,630,000","10,160,000",,88,11,Ðã nh?p hàng,SP000882,,Cóc ben ch? 140A hai chi?u son d? có c?n h?p xi mang (P) ,,Cái,,"1,420,000.00",0,0,"1,420,000.00","1,420,000",1
Chi nhánh trung tâm,TP070625,7/6/2025 0:00,8/6/2025 15:59,,TP,Tín Phát,5,,Th? Oanh,Th? Oanh,"13,630,000",0,"13,630,000","10,160,000",,88,11,Ðã nh?p hàng,HH01057,,Bom tr? l?c lái 17R AUMAN SORL (P) ,SORL,Cái,,"860,000.00",0,0,"860,000.00","860,000",1
Chi nhánh trung tâm,TP070625,7/6/2025 0:00,8/6/2025 15:59,,TP,Tín Phát,5,,Th? Oanh,Th? Oanh,"13,630,000",0,"13,630,000","10,160,000",,88,11,Ðã nh?p hàng,HH02770,,L?c nh?n JX 1008A (P) ,,Cái,,"37,000.00",0,0,"37,000.00","370,000",10
Chi nhánh trung tâm,TP070625,7/6/2025 0:00,8/6/2025 15:59,,TP,Tín Phát,5,,Th? Oanh,Th? Oanh,"13,630,000",0,"13,630,000","10,160,000",,88,11,Ðã nh?p hàng,SP001261,,Bi tê c? c?i HOWO 86CL6082FOB (Ming Zheng) (P) ,,Cái,,"460,000.00",0,0,"460,000.00","920,000",2
Chi nhánh trung tâm,TP070625,7/6/2025 0:00,8/6/2025 15:59,,TP,Tín Phát,5,,Th? Oanh,Th? Oanh,"13,630,000",0,"13,630,000","10,160,000",,88,11,Ðã nh?p hàng,SP001636,,Tr?c ?c phi dê EQ 6700 (phi 30*188) Samtin (P) ,,B?,,"235,000.00",0,0,"235,000.00","1,175,000",5
Chi nhánh trung tâm,TP070625,7/6/2025 0:00,8/6/2025 15:59,,TP,Tín Phát,5,,Th? Oanh,Th? Oanh,"13,630,000",0,"13,630,000","10,160,000",,88,11,Ðã nh?p hàng,SP001637,,Ð?u hàn cát dang Ø35 NJ131 h?p d? (P) ,,Cái,,"76,000.00",0,0,"76,000.00","380,000",5
Chi nhánh trung tâm,TP070625,7/6/2025 0:00,8/6/2025 15:59,,TP,Tín Phát,5,,Th? Oanh,Th? Oanh,"13,630,000",0,"13,630,000","10,160,000",,88,11,Ðã nh?p hàng,SP001332,,Ð?u hàn cát dang Ø39 EQ140 h?p d? (P) ,,Cái,,"110,000.00",0,0,"110,000.00","550,000",5
Chi nhánh trung tâm,TP070625,7/6/2025 0:00,8/6/2025 15:59,,TP,Tín Phát,5,,Th? Oanh,Th? Oanh,"13,630,000",0,"13,630,000","10,160,000",,88,11,Ðã nh?p hàng,SP001638,,Bi mai o sau HOWOA7 BTH0068B (812W93420-6097) Fosid (P) ,,Cái,,"965,000.00",0,0,"965,000.00","1,930,000",2
Chi nhánh trung tâm,TP070625,7/6/2025 0:00,8/6/2025 15:59,,TP,Tín Phát,5,,Th? Oanh,Th? Oanh,"13,630,000",0,"13,630,000","10,160,000",,88,11,Ðã nh?p hàng,SP001639,,Bi 6308N Samtin (P) ,,Cái,,"58,000.00",0,0,"58,000.00","290,000",5
Chi nhánh trung tâm,TP070625,7/6/2025 0:00,8/6/2025 15:59,,TP,Tín Phát,5,,Th? Oanh,Th? Oanh,"13,630,000",0,"13,630,000","10,160,000",,88,11,Ðã nh?p hàng,HH02054,,Ðinh ?c t?c kê sau BJ130 dài 92 (P) ,,Cái,,"19,500.00",0,0,"19,500.00","975,000",50
Chi nhánh trung tâm,TP070625,7/6/2025 0:00,8/6/2025 15:59,,TP,Tín Phát,5,,Th? Oanh,Th? Oanh,"13,630,000",0,"13,630,000","10,160,000",,88,11,Ðã nh?p hàng,SP001640,,Lá côn Ø430 cùi 50.8 (C430L375-0G11-3) (Yu chai) (P) ,,Cái,,"2,380,000.00",0,0,"2,380,000.00","4,760,000",2
Chi nhánh trung tâm,VY060625,6/6/2025 17:02,6/6/2025 17:02,6/6/2025 17:18,VY,Vi?t Yên,20,,Th? Oanh,Th? Oanh,"8,161,500",0,"8,161,500","8,161,500",,106,11,Ðã nh?p hàng,SP001625,,Xi lanh bom hoi 90 cao 86 (Y) ,,Cái,,"183,000.00",0,0,"183,000.00","549,000",3
Chi nhánh trung tâm,VY060625,6/6/2025 17:02,6/6/2025 17:02,6/6/2025 17:18,VY,Vi?t Yên,20,,Th? Oanh,Th? Oanh,"8,161,500",0,"8,161,500","8,161,500",,106,11,Ðã nh?p hàng,SP001186,,Ph?t duôi tr?c co 140*160*12 Yuchai (Y) ,,Cái,,"136,000.00",0,0,"136,000.00","1,360,000",10
Chi nhánh trung tâm,VY060625,6/6/2025 17:02,6/6/2025 17:02,6/6/2025 17:18,VY,Vi?t Yên,20,,Th? Oanh,Th? Oanh,"8,161,500",0,"8,161,500","8,161,500",,106,11,Ðã nh?p hàng,SP001624,,Ph?t 70*90*10 (Y) ,,Cai,,"51,000.00",0,0,"51,000.00","204,000",4
Chi nhánh trung tâm,VY060625,6/6/2025 17:02,6/6/2025 17:02,6/6/2025 17:18,VY,Vi?t Yên,20,,Th? Oanh,Th? Oanh,"8,161,500",0,"8,161,500","8,161,500",,106,11,Ðã nh?p hàng,SP001377,,Ph?t 159*180*13(14) s?t (Y) ,,Cái,,"28,000.00",0,0,"28,000.00","840,000",30
Chi nhánh trung tâm,VY060625,6/6/2025 17:02,6/6/2025 17:02,6/6/2025 17:18,VY,Vi?t Yên,20,,Th? Oanh,Th? Oanh,"8,161,500",0,"8,161,500","8,161,500",,106,11,Ðã nh?p hàng,SP001623,,Ph?t 80*135*12/26 (Y) ,,Cái,,"21,500.00",0,0,"21,500.00","193,500",9
Chi nhánh trung tâm,VY060625,6/6/2025 17:02,6/6/2025 17:02,6/6/2025 17:18,VY,Vi?t Yên,20,,Th? Oanh,Th? Oanh,"8,161,500",0,"8,161,500","8,161,500",,106,11,Ðã nh?p hàng,SP001622,,"Ph?t 60*91,5*10 (Y) ",,Cái,,"10,500.00",0,0,"10,500.00","210,000",20
Chi nhánh trung tâm,VY060625,6/6/2025 17:02,6/6/2025 17:02,6/6/2025 17:18,VY,Vi?t Yên,20,,Th? Oanh,Th? Oanh,"8,161,500",0,"8,161,500","8,161,500",,106,11,Ðã nh?p hàng,SP001621,,Lá côn TiuLiu 350 CA151 (Y) ,,Cái,,"435,000.00",0,0,"435,000.00","1,305,000",3
Chi nhánh trung tâm,VY060625,6/6/2025 17:02,6/6/2025 17:02,6/6/2025 17:18,VY,Vi?t Yên,20,,Th? Oanh,Th? Oanh,"8,161,500",0,"8,161,500","8,161,500",,106,11,Ðã nh?p hàng,SP001620,,Roang d?i tu YC6L/ 6113 YUCHAI (Y) ,,B?,,"590,000.00",0,0,"590,000.00","1,770,000",3
Chi nhánh trung tâm,VY060625,6/6/2025 17:02,6/6/2025 17:02,6/6/2025 17:18,VY,Vi?t Yên,20,,Th? Oanh,Th? Oanh,"8,161,500",0,"8,161,500","8,161,500",,106,11,Ðã nh?p hàng,SP001619,,Roang c?t te YC6L/ 6113 (Y) ,,Cái,,"360,000.00",0,0,"360,000.00","720,000",2
Chi nhánh trung tâm,VY060625,6/6/2025 17:02,6/6/2025 17:02,6/6/2025 17:18,VY,Vi?t Yên,20,,Th? Oanh,Th? Oanh,"8,161,500",0,"8,161,500","8,161,500",,106,11,Ðã nh?p hàng,SP000713,,B?c nhíp s?t 40*47*9 ,,Cái,,"18,500.00",0,0,"18,500.00","370,000",20
Chi nhánh trung tâm,VY060625,6/6/2025 17:02,6/6/2025 17:02,6/6/2025 17:18,VY,Vi?t Yên,20,,Th? Oanh,Th? Oanh,"8,161,500",0,"8,161,500","8,161,500",,106,11,Ðã nh?p hàng,SP001618,,Tr?c ?c co s? chính EQ145/ 19R/ 26 chu?t (Y) ,,Cái,,"320,000.00",0,0,"320,000.00","640,000",2
Chi nhánh trung tâm,VT060625,6/6/2025 0:00,8/6/2025 14:55,,VT,Vi?t Ti?n,2,,Th? Oanh,Th? Oanh,"4,720,000",0,"4,720,000","80,000",,13,2,Ðã nh?p hàng,HH00323,,Bàn ép m?t tr?i YuChai 430 l?m (V) ,YUCHAI,Cái,,"2,800,000.00",0,0,"2,800,000.00","2,800,000",1
Chi nhánh trung tâm,VT060625,6/6/2025 0:00,8/6/2025 14:55,,VT,Vi?t Ti?n,2,,Th? Oanh,Th? Oanh,"4,720,000",0,"4,720,000","80,000",,13,2,Ðã nh?p hàng,SP000215,,C?c d?n c?u 88*53*110 OUSIA (V) ,OUSIA,Cái,,"160,000.00",0,0,"160,000.00","1,920,000",12
Chi nhánh trung tâm,VT050625,5/6/2025 0:00,7/6/2025 16:59,,VT,Vi?t Ti?n,2,,Th? Oanh,Th? Oanh,"15,775,000",0,"15,775,000","15,280,000",,94,17,Ðã nh?p hàng,HH05047,,V? h?p s? chính EQ145 (V) ,,Chua xác d?nh,,"1,270,000.00",0,0,"1,270,000.00","1,270,000",1
Chi nhánh trung tâm,VT050625,5/6/2025 0:00,7/6/2025 16:59,,VT,Vi?t Ti?n,2,,Th? Oanh,Th? Oanh,"15,775,000",0,"15,775,000","15,280,000",,94,17,Ðã nh?p hàng,SP001135,,Van vào s? Howo WG2209250005 (10995060010) SORL (V) ,,Cái,,"92,000.00",0,0,"92,000.00","184,000",2
Chi nhánh trung tâm,VT050625,5/6/2025 0:00,7/6/2025 16:59,,VT,Vi?t Ti?n,2,,Th? Oanh,Th? Oanh,"15,775,000",0,"15,775,000","15,280,000",,94,17,Ðã nh?p hàng,HH02496,,Lá côn TiuLiu 325/10R (V) ,TIULIU,Chua xác d?nh,,"520,000.00",0,0,"520,000.00","2,080,000",4
Chi nhánh trung tâm,VT050625,5/6/2025 0:00,7/6/2025 16:59,,VT,Vi?t Ti?n,2,,Th? Oanh,Th? Oanh,"15,775,000",0,"15,775,000","15,280,000",,94,17,Ðã nh?p hàng,SP001631,,Roang d?i tu 6BT (V) ,,B?,,"75,000.00",0,0,"75,000.00","150,000",2
Chi nhánh trung tâm,VT050625,5/6/2025 0:00,7/6/2025 16:59,,VT,Vi?t Ti?n,2,,Th? Oanh,Th? Oanh,"15,775,000",0,"15,775,000","15,280,000",,94,17,Ðã nh?p hàng,HH05308,,Xu báp 6CT/260 h?p g? DCEC (V) ,,Chua xác d?nh,,"1,280,000.00",0,0,"1,280,000.00","1,280,000",1
Chi nhánh trung tâm,VT050625,5/6/2025 0:00,7/6/2025 16:59,,VT,Vi?t Ti?n,2,,Th? Oanh,Th? Oanh,"15,775,000",0,"15,775,000","15,280,000",,94,17,Ðã nh?p hàng,SP000864,,R? vi sai com lê Howo 27/46R (0271) 12l? t.g? Sinotruk (V) ,,Cái,,"1,950,000.00",0,0,"1,950,000.00","1,950,000",1
Chi nhánh trung tâm,VT050625,5/6/2025 0:00,7/6/2025 16:59,,VT,Vi?t Ti?n,2,,Th? Oanh,Th? Oanh,"15,775,000",0,"15,775,000","15,280,000",,94,17,Ðã nh?p hàng,HH00782,,B?u tr? l?c côn du?i (SORL) (phi 90) gi?ng 102 (16080110890) (V) ,SORL,Cái,,"470,000.00",0,0,"470,000.00","940,000",2
Chi nhánh trung tâm,VT050625,5/6/2025 0:00,7/6/2025 16:59,,VT,Vi?t Ti?n,2,,Th? Oanh,Th? Oanh,"15,775,000",0,"15,775,000","15,280,000",,94,17,Ðã nh?p hàng,SP000597,,T?ng phanh hoi có bàn d?p EQ153 6l? hangda/am/av (V) ,,Cái,,"390,000.00",0,0,"390,000.00","780,000",2
Chi nhánh trung tâm,VT050625,5/6/2025 0:00,7/6/2025 16:59,,VT,Vi?t Ti?n,2,,Th? Oanh,Th? Oanh,"15,775,000",0,"15,775,000","15,280,000",,94,17,Ðã nh?p hàng,SP001632,,Bom tr? l?c lái QC480 ZLQ nhôm có buly SORL(V) ,,Cái,,"830,000.00",0,0,"830,000.00","1,660,000",2
Chi nhánh trung tâm,VT050625,5/6/2025 0:00,7/6/2025 16:59,,VT,Vi?t Ti?n,2,,Th? Oanh,Th? Oanh,"15,775,000",0,"15,775,000","15,280,000",,94,17,Ðã nh?p hàng,HH02501,,Lá côn 380 (10R) (EQ153) (A397-XL0056SC) (TIULIU) (V) ,TIULIU,Chua xác d?nh,,"780,000.00",0,0,"780,000.00","1,560,000",2
Chi nhánh trung tâm,VT050625,5/6/2025 0:00,7/6/2025 16:59,,VT,Vi?t Ti?n,2,,Th? Oanh,Th? Oanh,"15,775,000",0,"15,775,000","15,280,000",,94,17,Ðã nh?p hàng,SP001633,,C?c di s? Howo AZ9725240208 (V) ,,Cái,,"350,000.00",0,0,"350,000.00","700,000",2
Chi nhánh trung tâm,VT050625,5/6/2025 0:00,7/6/2025 16:59,,VT,Vi?t Ti?n,2,,Th? Oanh,Th? Oanh,"15,775,000",0,"15,775,000","15,280,000",,94,17,Ðã nh?p hàng,SP001634,,Vành ch?u 6*41 EQ140 DF (V) ,,B?,,"1,770,000.00",0,0,"1,770,000.00","1,770,000",1
Chi nhánh trung tâm,VT050625,5/6/2025 0:00,7/6/2025 16:59,,VT,Vi?t Ti?n,2,,Th? Oanh,Th? Oanh,"15,775,000",0,"15,775,000","15,280,000",,94,17,Ðã nh?p hàng,SP001635,,Bi r? 54*62*21 (V) ,,Cái,,"18,000.00",0,0,"18,000.00","126,000",7
Chi nhánh trung tâm,VT050625,5/6/2025 0:00,7/6/2025 16:59,,VT,Vi?t Ti?n,2,,Th? Oanh,Th? Oanh,"15,775,000",0,"15,775,000","15,280,000",,94,17,Ðã nh?p hàng,SP000868,,Bi 32209 (7509E) hi?u Samtin (V) ,,Cái,,"57,000.00",0,0,"57,000.00","285,000",5
Chi nhánh trung tâm,VT050625,5/6/2025 0:00,7/6/2025 16:59,,VT,Vi?t Ti?n,2,,Th? Oanh,Th? Oanh,"15,775,000",0,"15,775,000","15,280,000",,94,17,Ðã nh?p hàng,HH03464,,Ph?t 55x85x12 (V) ,,Chua xác d?nh,,"8,000.00",0,0,"8,000.00","160,000",20
Chi nhánh trung tâm,VT050625,5/6/2025 0:00,7/6/2025 16:59,,VT,Vi?t Ti?n,2,,Th? Oanh,Th? Oanh,"15,775,000",0,"15,775,000","15,280,000",,94,17,Ðã nh?p hàng,SP001004,,Ph?t 154*175*13 s?t rin Jingyte/tr?ng rin am (V) ,,Cái,,"22,000.00",0,0,"22,000.00","440,000",20
Chi nhánh trung tâm,VT050625,5/6/2025 0:00,7/6/2025 16:59,,VT,Vi?t Ti?n,2,,Th? Oanh,Th? Oanh,"15,775,000",0,"15,775,000","15,280,000",,94,17,Ðã nh?p hàng,HH03375,,Ph?t 165x186x14 XFJP (V) ,,Chua xác d?nh,,"22,000.00",0,0,"22,000.00","440,000",20
Chi nhánh trung tâm,TT040625,4/6/2025 0:00,6/6/2025 16:43,6/6/2025 17:42,T,Thanh Thanh,1,,Th? Oanh,Th? Oanh,"6,962,000",0,"6,962,000","10,120,000",,82,10,Ðã nh?p hàng,SP000537,,L?c CX 0710B Xinwei (T) ,,Cái,,"39,000.00",0,0,"39,000.00","390,000",10
Chi nhánh trung tâm,TT040625,4/6/2025 0:00,6/6/2025 16:43,6/6/2025 17:42,T,Thanh Thanh,1,,Th? Oanh,Th? Oanh,"6,962,000",0,"6,962,000","10,120,000",,82,10,Ðã nh?p hàng,SP001559,,L?c CX 0708 xinwei (T) ,,Cái,,"26,000.00",0,0,"26,000.00","260,000",10
Chi nhánh trung tâm,TT040625,4/6/2025 0:00,6/6/2025 16:43,6/6/2025 17:42,T,Thanh Thanh,1,,Th? Oanh,Th? Oanh,"6,962,000",0,"6,962,000","10,120,000",,82,10,Ðã nh?p hàng,HH02780,,L?c nh?n JX0810Y (T) ,,Cái,,"36,000.00",0,0,"36,000.00","360,000",10
Chi nhánh trung tâm,TT040625,4/6/2025 0:00,6/6/2025 16:43,6/6/2025 17:42,T,Thanh Thanh,1,,Th? Oanh,Th? Oanh,"6,962,000",0,"6,962,000","10,120,000",,82,10,Ðã nh?p hàng,HH04954,,Vành ch?u 8*43 BJ212/12 l? GOIDEN (T) ,GOLDEN SUN,B?,,"695,000.00",0,0,"695,000.00","2,085,000",3
Chi nhánh trung tâm,TT040625,4/6/2025 0:00,6/6/2025 16:43,6/6/2025 17:42,T,Thanh Thanh,1,,Th? Oanh,Th? Oanh,"6,962,000",0,"6,962,000","10,120,000",,82,10,Ðã nh?p hàng,SP001626,,L?c d?u CX0710B4 (T) ,,Cái,,"39,000.00",0,0,"39,000.00","390,000",10
Chi nhánh trung tâm,TT040625,4/6/2025 0:00,6/6/2025 16:43,6/6/2025 17:42,T,Thanh Thanh,1,,Th? Oanh,Th? Oanh,"6,962,000",0,"6,962,000","10,120,000",,82,10,Ðã nh?p hàng,SP001627,,L?c bình s?y hoi không d? 4113 (T) ,,Cái,,"89,000.00",0,0,"89,000.00","445,000",5
Chi nhánh trung tâm,TT040625,4/6/2025 0:00,6/6/2025 16:43,6/6/2025 17:42,T,Thanh Thanh,1,,Th? Oanh,Th? Oanh,"6,962,000",0,"6,962,000","10,120,000",,82,10,Ðã nh?p hàng,SP001628,,C?c khóa c?a BJ1041 L (T) ,,Cái,,"38,500.00",0,0,"38,500.00","231,000",6
Chi nhánh trung tâm,TT040625,4/6/2025 0:00,6/6/2025 16:43,6/6/2025 17:42,T,Thanh Thanh,1,,Th? Oanh,Th? Oanh,"6,962,000",0,"6,962,000","10,120,000",,82,10,Ðã nh?p hàng,SP001629,,C?c khóa c?a BJ1041 R (T) ,,Cái,,"38,500.00",0,0,"38,500.00","231,000",6
Chi nhánh trung tâm,TT040625,4/6/2025 0:00,6/6/2025 16:43,6/6/2025 17:42,T,Thanh Thanh,1,,Th? Oanh,Th? Oanh,"6,962,000",0,"6,962,000","10,120,000",,82,10,Ðã nh?p hàng,SP001147,,Bát phanh 20 sau 153 Guanheng (T) ,,Cái,,"39,000.00",0,0,"39,000.00","780,000",20
Chi nhánh trung tâm,TT040625,4/6/2025 0:00,6/6/2025 16:43,6/6/2025 17:42,T,Thanh Thanh,1,,Th? Oanh,Th? Oanh,"6,962,000",0,"6,962,000","10,120,000",,82,10,Ðã nh?p hàng,SP001630,,Bàn ép 300/4100 m?t tr?i l?i tiu liu (XL0111) Rin (T) ,,Cái,,"895,000.00",0,0,"895,000.00","1,790,000",2
Chi nhánh trung tâm,VM030625,3/6/2025 0:00,5/6/2025 16:37,,VM,Van Minh,12,,Th? Oanh,Th? Oanh,"10,980,000",0,"10,980,000","10,150,000",,217,10,Ðã nh?p hàng,SP000487,,T?ng côn du?i 76 SORL (M) ,,Cái,,"465,000.00",0,0,"465,000.00","930,000",2
Chi nhánh trung tâm,VM030625,3/6/2025 0:00,5/6/2025 16:37,,VM,Van Minh,12,,Th? Oanh,Th? Oanh,"10,980,000",0,"10,980,000","10,150,000",,217,10,Ðã nh?p hàng,HH01195,,Bom nu?c YC4110 bu ly 3 r?nh c?i 42 v?a (M) ,,Chua xác d?nh,,"780,000.00",0,0,"780,000.00","780,000",1
Chi nhánh trung tâm,VM030625,3/6/2025 0:00,5/6/2025 16:37,,VM,Van Minh,12,,Th? Oanh,Th? Oanh,"10,980,000",0,"10,980,000","10,150,000",,217,10,Ðã nh?p hàng,SP000641,,Bót lái d?u 3401JAC-010 ko tay Quang xing (M) ,,B?,,"2,900,000.00",0,0,"2,900,000.00","2,900,000",1
Chi nhánh trung tâm,VM030625,3/6/2025 0:00,5/6/2025 16:37,,VM,Van Minh,12,,Th? Oanh,Th? Oanh,"10,980,000",0,"10,980,000","10,150,000",,217,10,Ðã nh?p hàng,SP001311,,Mai o sau 12 l? 6782 l? 10 (M) ,,Cái,,"425,000.00",0,0,"425,000.00","425,000",1
Chi nhánh trung tâm,VM030625,3/6/2025 0:00,5/6/2025 16:37,,VM,Van Minh,12,,Th? Oanh,Th? Oanh,"10,980,000",0,"10,980,000","10,150,000",,217,10,Ðã nh?p hàng,SP001615,,Mai o sau 12 l? 6782 l? 12 (M) ,,Cái,,"435,000.00",0,0,"435,000.00","435,000",1
Chi nhánh trung tâm,VM030625,3/6/2025 0:00,5/6/2025 16:37,,VM,Van Minh,12,,Th? Oanh,Th? Oanh,"10,980,000",0,"10,980,000","10,150,000",,217,10,Ðã nh?p hàng,SP000680,,Móng côn láp phi 12 vàng (T) ,,Cái,,"1,000.00",0,0,"1,000.00","200,000",200
Chi nhánh trung tâm,VM030625,3/6/2025 0:00,5/6/2025 16:37,,VM,Van Minh,12,,Th? Oanh,Th? Oanh,"10,980,000",0,"10,980,000","10,150,000",,217,10,Ðã nh?p hàng,SP001616,,Tr?c ?c phi dê 1061 Samtin (M) ,,B?,,"275,000.00",0,0,"275,000.00","1,100,000",4
Chi nhánh trung tâm,VM030625,3/6/2025 0:00,5/6/2025 16:37,,VM,Van Minh,12,,Th? Oanh,Th? Oanh,"10,980,000",0,"10,980,000","10,150,000",,217,10,Ðã nh?p hàng,SP001617,,Tr?c ch? th?p vi sai EQ140 (M) ,,B?,,"105,000.00",0,0,"105,000.00","420,000",4
Chi nhánh trung tâm,VM030625,3/6/2025 0:00,5/6/2025 16:37,,VM,Van Minh,12,,Th? Oanh,Th? Oanh,"10,980,000",0,"10,980,000","10,150,000",,217,10,Ðã nh?p hàng,HH04419,,Tr?c ?c phi dê 6782 (phi 40*46*228) Zhong Zhou (M) ,ZHONGZHOU,B?,,"420,000.00",0,0,"420,000.00","840,000",2
Chi nhánh trung tâm,VM030625,3/6/2025 0:00,5/6/2025 16:37,,VM,Van Minh,12,,Th? Oanh,Th? Oanh,"10,980,000",0,"10,980,000","10,150,000",,217,10,Ðã nh?p hàng,HH02316,,Hoi khô YC4110ZQ thùng g? MC (M) ,MC,B?,,"2,950,000.00",0,0,"2,950,000.00","2,950,000",1
Chi nhánh trung tâm,TT020625,2/6/2025 0:00,4/6/2025 9:12,,T,Thanh Thanh,1,,Th? Oanh,Th? Oanh,"11,470,000",0,"11,470,000","280,000",,38,13,Ðã nh?p hàng,SP000844,,B?u x?c vô Foxica (1020) c? ng?n ty dài phi 38 gi?y xanh rin (T) ,,Cái,,"299,000.00",0,0,"299,000.00","598,000",2
Chi nhánh trung tâm,TT020625,2/6/2025 0:00,4/6/2025 9:12,,T,Thanh Thanh,1,,Th? Oanh,Th? Oanh,"11,470,000",0,"11,470,000","280,000",,38,13,Ðã nh?p hàng,SP001611,,Tr?c co N485 (WX485 /CCN485) không g? g? STAR (T) ,,Cái,,"1,365,000.00",0,0,"1,365,000.00","1,365,000",1
Chi nhánh trung tâm,TT020625,2/6/2025 0:00,4/6/2025 9:12,,T,Thanh Thanh,1,,Th? Oanh,Th? Oanh,"11,470,000",0,"11,470,000","280,000",,38,13,Ðã nh?p hàng,HH04439,,Tr?c ?c phi dê EQ1049 (phi 30*34*165) Samtin (V) ,SAMTIN,B?,,"199,000.00",0,0,"199,000.00","796,000",4
Chi nhánh trung tâm,TT020625,2/6/2025 0:00,4/6/2025 9:12,,T,Thanh Thanh,1,,Th? Oanh,Th? Oanh,"11,470,000",0,"11,470,000","280,000",,38,13,Ðã nh?p hàng,SP001612,,Tr?c ?c phi nhê 6700 SamTin (30*188) (T) ,,B?,,"229,000.00",0,0,"229,000.00","916,000",4
Chi nhánh trung tâm,TT020625,2/6/2025 0:00,4/6/2025 9:12,,T,Thanh Thanh,1,,Th? Oanh,Th? Oanh,"11,470,000",0,"11,470,000","280,000",,38,13,Ðã nh?p hàng,HH04161,,"Tam bua sau EQ145 (40/23,5/17/21/8 l?) (T) ",,Cái,,"1,095,000.00",0,0,"1,095,000.00","1,095,000",1
Chi nhánh trung tâm,TT020625,2/6/2025 0:00,4/6/2025 9:12,,T,Thanh Thanh,1,,Th? Oanh,Th? Oanh,"11,470,000",0,"11,470,000","280,000",,38,13,Ðã nh?p hàng,HH05061,,V? h?p s? ph? 17.5 EQ145 (T) ,,Chua xác d?nh,,"1,295,000.00",0,0,"1,295,000.00","1,295,000",1
Chi nhánh trung tâm,TT020625,2/6/2025 0:00,4/6/2025 9:12,,T,Thanh Thanh,1,,Th? Oanh,Th? Oanh,"11,470,000",0,"11,470,000","280,000",,38,13,Ðã nh?p hàng,SP001613,,Vành rang bánh dà N485 109R (T) ,,Cái,,"119,000.00",0,0,"119,000.00","595,000",5
Chi nhánh trung tâm,TT020625,2/6/2025 0:00,4/6/2025 9:12,,T,Thanh Thanh,1,,Th? Oanh,Th? Oanh,"11,470,000",0,"11,470,000","280,000",,38,13,Ðã nh?p hàng,SP001284,,Tr?c ?c co s? ph? 28R/ 240 D0200 gi?y ch? J rin (T) ,,Cái,,"555,000.00",0,0,"555,000.00","1,110,000",2
Chi nhánh trung tâm,TT020625,2/6/2025 0:00,4/6/2025 9:12,,T,Thanh Thanh,1,,Th? Oanh,Th? Oanh,"11,470,000",0,"11,470,000","280,000",,38,13,Ðã nh?p hàng,SP000113,,hoi QC480ZLQ (GUANHENG) (T),GUANHENG,,,"2,295,000.00",0,0,"2,295,000.00","2,295,000",1
Chi nhánh trung tâm,TT020625,2/6/2025 0:00,4/6/2025 9:12,,T,Thanh Thanh,1,,Th? Oanh,Th? Oanh,"11,470,000",0,"11,470,000","280,000",,38,13,Ðã nh?p hàng,SP001614,,Chia hoi Howo 4 núm l? 22 Goldensun (T) ,,Cái,,"195,000.00",0,0,"195,000.00","780,000",4
Chi nhánh trung tâm,TT020625,2/6/2025 0:00,4/6/2025 9:12,,T,Thanh Thanh,1,,Th? Oanh,Th? Oanh,"11,470,000",0,"11,470,000","280,000",,38,13,Ðã nh?p hàng,HH05248,,Xi lanh côn (phi 32) (T) ,,Chua xác d?nh,,"37,000.00",0,0,"37,000.00","185,000",5
Chi nhánh trung tâm,TT020625,2/6/2025 0:00,4/6/2025 9:12,,T,Thanh Thanh,1,,Th? Oanh,Th? Oanh,"11,470,000",0,"11,470,000","280,000",,38,13,Ðã nh?p hàng,HH05251,,Xi lanh côn (phi 33) (T) ,,Chua xác d?nh,,"37,000.00",0,0,"37,000.00","185,000",5
Chi nhánh trung tâm,TT020625,2/6/2025 0:00,4/6/2025 9:12,,T,Thanh Thanh,1,,Th? Oanh,Th? Oanh,"11,470,000",0,"11,470,000","280,000",,38,13,Ðã nh?p hàng,HH05235,,Xi lanh bom hoi 65 (T) ,,Chua xác d?nh,,"85,000.00",0,0,"85,000.00","255,000",3
Chi nhánh trung tâm,VT020625,2/6/2025 0:00,3/6/2025 14:39,,VT,Vi?t Ti?n,2,,Th? Oanh,Th? Oanh,"8,345,000",0,"8,345,000","20,160,000",,13,8,Ðã nh?p hàng,HH00323,,Bàn ép m?t tr?i YuChai 430 l?m (V) ,YUCHAI,Cái,,"2,800,000.00",0,0,"2,800,000.00","2,800,000",1
Chi nhánh trung tâm,VT020625,2/6/2025 0:00,3/6/2025 14:39,,VT,Vi?t Ti?n,2,,Th? Oanh,Th? Oanh,"8,345,000",0,"8,345,000","20,160,000",,13,8,Ðã nh?p hàng,SP001608,,Chia hoi 4?c Z27 rin SORL (35180090040) (V) ,,Cái,,"250,000.00",0,0,"250,000.00","500,000",2
Chi nhánh trung tâm,VT020625,2/6/2025 0:00,3/6/2025 14:39,,VT,Vi?t Ti?n,2,,Th? Oanh,Th? Oanh,"8,345,000",0,"8,345,000","20,160,000",,13,8,Ðã nh?p hàng,HH01521,,Cóc ben 19/25R EQ140-2P/HQ545 cài (V) ,,Cái,,"990,000.00",0,0,"990,000.00","990,000",1
Chi nhánh trung tâm,VT020625,2/6/2025 0:00,3/6/2025 14:39,,VT,Vi?t Ti?n,2,,Th? Oanh,Th? Oanh,"8,345,000",0,"8,345,000","20,160,000",,13,8,Ðã nh?p hàng,HH00782,,B?u tr? l?c côn du?i (SORL) (phi 90) gi?ng 102 (16080110890) (V) ,SORL,Cái,,"460,000.00",0,0,"460,000.00","920,000",2
Chi nhánh trung tâm,VT020625,2/6/2025 0:00,3/6/2025 14:39,,VT,Vi?t Ti?n,2,,Th? Oanh,Th? Oanh,"8,345,000",0,"8,345,000","20,160,000",,13,8,Ðã nh?p hàng,SP001609,,B?c ?ng 6BT (0.25 ) DEC (V) ,,B?,,"300,000.00",0,0,"300,000.00","600,000",2
Chi nhánh trung tâm,VT020625,2/6/2025 0:00,3/6/2025 14:39,,VT,Vi?t Ti?n,2,,Th? Oanh,Th? Oanh,"8,345,000",0,"8,345,000","20,160,000",,13,8,Ðã nh?p hàng,SP001138,,Bình l?c hoi 4113 ko d? SOL 30018/10060 (V) ,,Cái,,"125,000.00",0,0,"125,000.00","375,000",3
Chi nhánh trung tâm,VT020625,2/6/2025 0:00,3/6/2025 14:39,,VT,Vi?t Ti?n,2,,Th? Oanh,Th? Oanh,"8,345,000",0,"8,345,000","20,160,000",,13,8,Ðã nh?p hàng,SP001610,,Roang quy lát YC6L L3000 Yuchai (V) ,,Cái,,"800,000.00",0,0,"800,000.00","800,000",1
Chi nhánh trung tâm,VT020625,2/6/2025 0:00,3/6/2025 14:39,,VT,Vi?t Ti?n,2,,Th? Oanh,Th? Oanh,"8,345,000",0,"8,345,000","20,160,000",,13,8,Ðã nh?p hàng,HH01314,,Bom tr? l?c lái YuChai YC6L/L33L2-3407100B RIN (V) ,YUCHAI,Cái,,"1,360,000.00",0,0,"1,360,000.00","1,360,000",1
